"justiceName","term","caseName","issueArea","majVotes","minVotes","justice","vote","majority"
"WBRutledge",1946,"HALLIBURTON OIL WELL CEMENTING CO. v. WALKER ET AL., DOING BUSINESS AS DEPTHOGRAPH CO.",8,8,1,85,1,2
"WBRutledge",1946,"CLEVELAND v. UNITED STATES",1,6,3,85,4,2
"WBRutledge",1946,"CLEVELAND v. UNITED STATES",1,6,3,85,4,2
"WBRutledge",1946,"CLEVELAND v. UNITED STATES",1,6,3,85,4,2
"WBRutledge",1946,"CLEVELAND v. UNITED STATES",1,6,3,85,4,2
"WBRutledge",1946,"CLEVELAND v. UNITED STATES",1,6,3,85,4,2
"WBRutledge",1946,"CLEVELAND v. UNITED STATES",1,6,3,85,4,2
"WBRutledge",1946,"CLEVELAND v. UNITED STATES",1,6,3,85,4,2
"WBRutledge",1946,"CLEVELAND v. UNITED STATES",1,6,3,85,4,2
"WBRutledge",1946,"CHAMPLIN REFINING CO. v. UNITED STATES ET AL.",8,5,4,85,1,2
"WBRutledge",1946,"CHAMPLIN REFINING CO. v. UNITED STATES ET AL.",8,5,4,85,1,2
"WBRutledge",1946,"CHAMPLIN REFINING CO. v. UNITED STATES ET AL.",8,5,4,85,1,2
"WBRutledge",1946,"UNITED STATES v. ALCEA BAND OF TILLAMOOKS ET AL.",2,5,3,85,2,1
"WBRutledge",1946,"UNITED STATES v. HOWARD P. FOLEY CO., INC.",8,6,3,85,1,2
"WBRutledge",1946,"RICHFIELD OIL CORP. v. STATE BOARD OF EQUALIZATION",8,7,1,85,1,2
"WBRutledge",1946,"AMERICAN POWER & LIGHT CO. v. SECURITIES & EXCHANGE COMMISSION",8,6,0,85,4,2
"WBRutledge",1946,"AMERICAN POWER & LIGHT CO. v. SECURITIES & EXCHANGE COMMISSION",8,6,0,85,4,2
"WBRutledge",1946,"AMERICAN POWER & LIGHT CO. v. SECURITIES & EXCHANGE COMMISSION",8,6,0,85,4,2
"WBRutledge",1946,"AMERICAN POWER & LIGHT CO. v. SECURITIES & EXCHANGE COMMISSION",8,6,0,85,4,2
"WBRutledge",1946,"AMERICAN POWER & LIGHT CO. v. SECURITIES & EXCHANGE COMMISSION",8,6,0,85,4,2
"WBRutledge",1946,"AMERICAN POWER & LIGHT CO. v. SECURITIES & EXCHANGE COMMISSION",8,6,0,85,4,2
"WBRutledge",1946,"AMERICAN POWER & LIGHT CO. v. SECURITIES & EXCHANGE COMMISSION",8,6,0,85,4,2
"WBRutledge",1946,"AMERICAN POWER & LIGHT CO. v. SECURITIES & EXCHANGE COMMISSION",8,6,0,85,4,2
"WBRutledge",1946,"ALMA MOTOR CO. v. TIMKEN-DETROIT AXLE CO. ET AL.",9,9,0,85,1,2
"WBRutledge",1946,"ALMA MOTOR CO. v. TIMKEN-DETROIT AXLE CO. ET AL.",9,9,0,85,1,2
"WBRutledge",1946,"UNEMPLOYMENT COMPENSATION COMMISSION OF ALASKA ET AL. v. ARAGON ET AL.",7,9,0,85,1,2
"WBRutledge",1946,"VANSTON BONDHOLDERS PROTECTIVE COMMITTEE v. GREEN ET AL.",8,8,0,85,1,2
"WBRutledge",1946,"VANSTON BONDHOLDERS PROTECTIVE COMMITTEE v. GREEN ET AL.",8,8,0,85,1,2
"WBRutledge",1946,"VANSTON BONDHOLDERS PROTECTIVE COMMITTEE v. GREEN ET AL.",8,8,0,85,1,2
"WBRutledge",1946,"VANSTON BONDHOLDERS PROTECTIVE COMMITTEE v. GREEN ET AL.",8,8,0,85,1,2
"WBRutledge",1946,"CARTER v. ILLINOIS",1,5,4,85,2,1
"WBRutledge",1946,"BALLARD ET AL. v. UNITED STATES",2,6,3,85,1,2
"WBRutledge",1946,"UNITED STATES v. BRUNO",1,9,0,85,1,2
"WBRutledge",1946,"FISWICK ET AL. v. UNITED STATES",1,9,0,85,1,2
"WBRutledge",1946,"FEDERAL COMMUNICATIONS COMMISSION v. WOKO, INC.",8,8,0,85,1,2
"WBRutledge",1946,"UNITED STATES v. CARMACK",4,9,0,85,1,2
"WBRutledge",1946,"UNITED STATES v. CARMACK",4,9,0,85,1,2
"WBRutledge",1946,"UNITED STATES v. CARMACK",4,9,0,85,1,2
"WBRutledge",1946,"FREEMAN, TRUSTEE, v. HEWIT, DIRECTOR OF GROSS INCOME TAX DIVISION",8,6,3,85,4,2
"WBRutledge",1946,"UNITED STATES v. RUZICKA ET AL., TRADING AS SEELEY DAIRY",8,9,0,85,1,2
"WBRutledge",1946,"ROTHENSIES, COLLECTOR OF INTERNAL REVENUE, v. ELECTRIC STORAGE BATTERY CO.",12,6,3,85,2,1
"WBRutledge",1946,"EAGLES, POST COMMANDING OFFICER, v. UNITED STATES EX REL. SAMUELS",3,9,0,85,1,2
"WBRutledge",1946,"EAGLES, POST COMMANDING OFFICER, v. UNITED STATES EX REL. HOROWITZ",3,9,0,85,1,2
"WBRutledge",1946,"NATIONAL LABOR RELATIONS BOARD v. A. J. TOWER CO.",7,8,1,85,1,2
"WBRutledge",1946,"GIBSON v. UNITED STATES",3,9,0,85,1,2
"WBRutledge",1946,"GIBSON v. UNITED STATES",3,9,0,85,1,2
"WBRutledge",1946,"ILLINOIS EX REL. GORDON, DIRECTOR OF LABOR, v. CAMPBELL, COLLECTOR OF INTERNAL REVENUE",12,7,2,85,1,2
"WBRutledge",1946,"ILLINOIS EX REL. GORDON, DIRECTOR OF LABOR, v. CAMPBELL, COLLECTOR OF INTERNAL REVENUE",12,7,2,85,1,2
"WBRutledge",1946,"UNITED STATES v. SHERIDAN",1,7,2,85,1,2
"WBRutledge",1946,"EDWARD KATZINGER CO. v. CHICAGO METALLIC MANUFACTURING CO.",8,5,4,85,1,2
"WBRutledge",1946,"EDWARD KATZINGER CO. v. CHICAGO METALLIC MANUFACTURING CO.",8,5,4,85,1,2
"WBRutledge",1946,"MacGREGOR v. WESTINGHOUSE ELECTRIC & MANUFACTURING CO.",8,5,4,85,1,2
"WBRutledge",1946,"INTERNATIONAL HARVESTER CO. v. EVATT, TAX COMMISSIONER",8,9,0,85,3,2
"WBRutledge",1946,"INTERNATIONAL HARVESTER CO. v. EVATT, TAX COMMISSIONER",8,9,0,85,3,2
"WBRutledge",1946,"UNITED STATES ET AL. v. SEATRAIN LINES, INC.",8,9,0,85,4,2
"WBRutledge",1946,"STEELE v. GENERAL MILLS, INC.",8,9,0,85,1,2
"WBRutledge",1946,"BOARD OF GOVERNORS OF THE FEDERAL RESERVE SYSTEM ET AL. v. AGNEW ET AL.",8,9,0,85,3,2
"WBRutledge",1946,"JESIONOWSKI, ADMINISTRATRIX, v. BOSTON & MAINE RAILROAD",8,6,3,85,1,2
"WBRutledge",1946,"LOUISIANA EX REL. FRANCIS v. RESWEBER, SHERIFF, ET AL.",1,5,4,85,2,1
"WBRutledge",1946,"LOUISIANA EX REL. FRANCIS v. RESWEBER, SHERIFF, ET AL.",1,5,4,85,2,1
"WBRutledge",1946,"LOUISIANA EX REL. FRANCIS v. RESWEBER, SHERIFF, ET AL.",1,5,4,85,2,1
"WBRutledge",1946,"ANDERSON, RECEIVER, v. YUNGKAU, EXECUTOR, ET AL.",9,5,2,85,2,1
"WBRutledge",1946,"HICKMAN, ADMINISTRATOR, v. TAYLOR ET AL., TRADING AS TAYLOR & ANDERSON TOWING & LIGHTERAGE CO., ET AL.",5,9,0,85,1,2
"WBRutledge",1946,"ORDER OF RAILWAY CONDUCTORS OF AMERICA ET AL. v. SWAN ET AL.",9,8,1,85,1,2
"WBRutledge",1946,"ORDER OF RAILWAY CONDUCTORS OF AMERICA ET AL. v. SWAN ET AL.",9,8,1,85,1,2
"WBRutledge",1946,"PARKER ET AL. v. FLEMING, TEMPORARY CONTROLS ADMINISTRATOR",9,6,3,85,1,2
"WBRutledge",1946,"PATTERSON, SECRETARY OF WAR, ET AL. v. LAMB",9,9,0,85,1,2
"WBRutledge",1946,"MORRIS v. JONES, DIRECTOR OF INSURANCE",11,6,3,85,2,1
"WBRutledge",1946,"GARDNER, TRUSTEE, v. NEW JERSEY",8,9,0,85,1,2
"WBRutledge",1946,"GARDNER, TRUSTEE, v. NEW JERSEY",8,9,0,85,1,2
"WBRutledge",1946,"GARDNER, TRUSTEE, v. NEW JERSEY",8,9,0,85,1,2
"WBRutledge",1946,"UNITED STATES v. THAYER-WEST POINT HOTEL CO.",8,9,0,85,1,2
"WBRutledge",1946,"KRUG, SECRETARY OF THE INTERIOR, ET AL. v. SANTA FE PACIFIC RAILROAD CO.",8,9,0,85,1,2
"WBRutledge",1946,"KRUG, SECRETARY OF THE INTERIOR, ET AL. v. SANTA FE PACIFIC RAILROAD CO.",8,9,0,85,1,2
"WBRutledge",1946,"ALBRECHT ET AL. v. UNITED STATES",4,7,2,85,1,2
"WBRutledge",1946,"ALBRECHT ET AL. v. UNITED STATES",4,7,2,85,1,2
"WBRutledge",1946,"ALBRECHT ET AL. v. UNITED STATES",4,7,2,85,1,2
"WBRutledge",1946,"ALBRECHT ET AL. v. UNITED STATES",4,7,2,85,1,2
"WBRutledge",1946,"ALBRECHT ET AL. v. UNITED STATES",4,7,2,85,1,2
"WBRutledge",1946,"ALBRECHT ET AL. v. UNITED STATES",4,7,2,85,1,2
"WBRutledge",1946,"ALBRECHT ET AL. v. UNITED STATES",4,7,2,85,1,2
"WBRutledge",1946,"ALBRECHT ET AL. v. UNITED STATES",4,7,2,85,1,2
"WBRutledge",1946,"ALBRECHT ET AL. v. UNITED STATES",4,7,2,85,1,2
"WBRutledge",1946,"ALBRECHT ET AL. v. UNITED STATES",4,7,2,85,1,2
"WBRutledge",1946,"INSURANCE GROUP COMMITTEE ET AL. v. DENVER & RIO GRANDE WESTERN RAILROAD CO. ET AL.",8,8,1,85,1,2
"WBRutledge",1946,"TRANSPARENT-WRAP MACHINE CORP. v. STOKES & SMITH CO.",8,5,4,85,2,1
"WBRutledge",1946,"ELLIS v. UNION PACIFIC RAILROAD CO.",8,9,0,85,1,2
"WBRutledge",1946,"UNITED STATES v. N. Y. RAYON IMPORTING CO., INC. (#2) ET AL.",8,9,0,85,1,2
"WBRutledge",1946,"UNITED STATES v. N. Y. RAYON IMPORTING CO., INC. (#2) ET AL.",8,9,0,85,1,2
"WBRutledge",1946,"UNITED STATES v. N. Y. RAYON IMPORTING CO., INC. (#2) ET AL.",8,9,0,85,1,2
"WBRutledge",1946,"UNITED STATES v. N. Y. RAYON IMPORTING CO., INC. (#2) ET AL.",8,9,0,85,1,2
"WBRutledge",1946,"De MEERLEER v. MICHIGAN",1,9,0,85,1,2
"WBRutledge",1946,"EVERSON v. BOARD OF EDUCATION OF THE TOWNSHIP OF EWING ET AL.",3,5,4,85,2,1
"WBRutledge",1946,"EVERSON v. BOARD OF EDUCATION OF THE TOWNSHIP OF EWING ET AL.",3,5,4,85,2,1
"WBRutledge",1946,"UNITED PUBLIC WORKERS OF AMERICA (C. I. O.) ET AL. v. MITCHELL ET AL.",9,4,3,85,2,1
"WBRutledge",1946,"UNITED PUBLIC WORKERS OF AMERICA (C. I. O.) ET AL. v. MITCHELL ET AL.",9,4,3,85,2,1
"WBRutledge",1946,"UNITED PUBLIC WORKERS OF AMERICA (C. I. O.) ET AL. v. MITCHELL ET AL.",3,4,3,85,2,1
"WBRutledge",1946,"UNITED PUBLIC WORKERS OF AMERICA (C. I. O.) ET AL. v. MITCHELL ET AL.",9,4,3,85,2,1
"WBRutledge",1946,"UNITED PUBLIC WORKERS OF AMERICA (C. I. O.) ET AL. v. MITCHELL ET AL.",3,4,3,85,2,1
"WBRutledge",1946,"UNITED PUBLIC WORKERS OF AMERICA (C. I. O.) ET AL. v. MITCHELL ET AL.",3,4,3,85,2,1
"WBRutledge",1946,"UNITED PUBLIC WORKERS OF AMERICA (C. I. O.) ET AL. v. MITCHELL ET AL.",3,4,3,85,2,1
"WBRutledge",1946,"OKLAHOMA v. UNITED STATES CIVIL SERVICE COMMISSION",3,5,2,85,2,1
"WBRutledge",1946,"OKLAHOMA v. UNITED STATES CIVIL SERVICE COMMISSION",3,5,2,85,2,1
"WBRutledge",1946,"OKLAHOMA v. UNITED STATES CIVIL SERVICE COMMISSION",3,5,2,85,2,1
"WBRutledge",1946,"WALLING, WAGE AND HOUR ADMINISTRATOR, v. NASHVILLE, CHATTANOOGA & ST. LOUIS RAILWAY",7,9,0,85,1,2
"WBRutledge",1946,"BOZZA v. UNITED STATES",1,9,0,85,1,2
"WBRutledge",1946,"BOZZA v. UNITED STATES",1,6,3,85,2,1
"WBRutledge",1946,"CONFEDERATED BANDS OF UTE INDIANS v. UNITED STATES",2,6,3,85,1,2
"WBRutledge",1946,"CONFEDERATED BANDS OF UTE INDIANS v. UNITED STATES",2,6,3,85,1,2
"WBRutledge",1946,"ANGEL v. BULLINGTON",9,6,3,85,2,1
"WBRutledge",1946,"CONE v. WEST VIRGINIA PULP & PAPER CO.",9,9,0,85,1,2
"WBRutledge",1946,"NATIONAL LABOR RELATIONS BOARD v. DONNELLY GARMENT CO. ET AL.",7,9,0,85,1,2
"WBRutledge",1946,"NATIONAL LABOR RELATIONS BOARD v. DONNELLY GARMENT CO. ET AL.",7,9,0,85,1,2
"WBRutledge",1946,"NATIONAL LABOR RELATIONS BOARD v. DONNELLY GARMENT CO. ET AL.",7,9,0,85,1,2
"WBRutledge",1946,"NATIONAL LABOR RELATIONS BOARD v. DONNELLY GARMENT CO. ET AL.",7,9,0,85,1,2
"WBRutledge",1946,"UNITED STATES v. POWELL ET AL., RECEIVERS",8,8,1,85,2,1
"WBRutledge",1946,"UNITED STATES v. POWELL ET AL., RECEIVERS",8,8,1,85,2,1
"WBRutledge",1946,"UNITED STATES v. POWELL ET AL., RECEIVERS",8,8,1,85,2,1
"WBRutledge",1946,"UNITED STATES v. POWELL ET AL., RECEIVERS",8,8,1,85,2,1
"WBRutledge",1946,"NORTHERN PACIFIC RAILWAY CO. v. UNITED STATES",8,9,0,85,1,2
"WBRutledge",1946,"UNITED STATES v. UNITED MINE WORKERS OF AMERICA",1,5,4,85,2,1
"WBRutledge",1946,"UNITED STATES v. UNITED MINE WORKERS OF AMERICA",1,5,4,85,2,1
"WBRutledge",1946,"UNITED STATES v. UNITED MINE WORKERS OF AMERICA",1,5,4,85,2,1
"WBRutledge",1946,"UNITED STATES v. UNITED MINE WORKERS OF AMERICA",1,5,4,85,2,1
"WBRutledge",1946,"UNITED STATES v. UNITED MINE WORKERS OF AMERICA",1,5,4,85,2,1
"WBRutledge",1946,"UNITED STATES v. UNITED MINE WORKERS OF AMERICA",1,5,4,85,2,1
"WBRutledge",1946,"UNITED STATES v. UNITED MINE WORKERS OF AMERICA",1,5,4,85,2,1
"WBRutledge",1946,"UNITED STATES v. UNITED MINE WORKERS OF AMERICA",1,5,4,85,2,1
"WBRutledge",1946,"UNITED STATES v. UNITED MINE WORKERS OF AMERICA",1,5,4,85,2,1
"WBRutledge",1946,"UNITED STATES v. UNITED MINE WORKERS OF AMERICA",1,5,4,85,2,1
"WBRutledge",1946,"UNITED STATES v. UNITED MINE WORKERS OF AMERICA",1,5,4,85,2,1
"WBRutledge",1946,"UNITED STATES v. UNITED MINE WORKERS OF AMERICA",1,5,4,85,2,1
"WBRutledge",1946,"UNITED STATES v. UNITED MINE WORKERS OF AMERICA",1,5,4,85,2,1
"WBRutledge",1946,"UNITED STATES v. UNITED MINE WORKERS OF AMERICA",1,5,4,85,2,1
"WBRutledge",1946,"UNITED STATES v. UNITED MINE WORKERS OF AMERICA",1,5,4,85,2,1
"WBRutledge",1946,"UNITED STATES v. UNITED MINE WORKERS OF AMERICA",1,5,4,85,2,1
"WBRutledge",1946,"UNITED STATES v. UNITED MINE WORKERS OF AMERICA",1,5,4,85,2,1
"WBRutledge",1946,"UNITED STATES v. UNITED MINE WORKERS OF AMERICA",1,5,4,85,2,1
"WBRutledge",1946,"UNITED STATES v. UNITED MINE WORKERS OF AMERICA",1,5,4,85,2,1
"WBRutledge",1946,"UNITED STATES v. UNITED MINE WORKERS OF AMERICA",1,5,4,85,2,1
"WBRutledge",1946,"TESTA ET AL. v. KATT",10,9,0,85,1,2
"WBRutledge",1946,"UNITED BROTHERHOOD OF CARPENTERS AND JOINERS OF AMERICA v. UNITED STATES",7,5,3,85,1,2
"WBRutledge",1946,"UNITED BROTHERHOOD OF CARPENTERS AND JOINERS OF AMERICA v. UNITED STATES",7,5,3,85,1,2
"WBRutledge",1946,"UNITED BROTHERHOOD OF CARPENTERS AND JOINERS OF AMERICA v. UNITED STATES",7,5,3,85,1,2
"WBRutledge",1946,"UNITED BROTHERHOOD OF CARPENTERS AND JOINERS OF AMERICA v. UNITED STATES",7,5,3,85,1,2
"WBRutledge",1946,"UNITED BROTHERHOOD OF CARPENTERS AND JOINERS OF AMERICA v. UNITED STATES",7,5,3,85,1,2
"WBRutledge",1946,"UNITED BROTHERHOOD OF CARPENTERS AND JOINERS OF AMERICA v. UNITED STATES",7,5,3,85,1,2
"WBRutledge",1946,"UNITED BROTHERHOOD OF CARPENTERS AND JOINERS OF AMERICA v. UNITED STATES",7,5,3,85,1,2
"WBRutledge",1946,"UNITED BROTHERHOOD OF CARPENTERS AND JOINERS OF AMERICA v. UNITED STATES",7,5,3,85,1,2
"WBRutledge",1946,"UNITED BROTHERHOOD OF CARPENTERS AND JOINERS OF AMERICA v. UNITED STATES",7,5,3,85,1,2
"WBRutledge",1946,"UNITED BROTHERHOOD OF CARPENTERS AND JOINERS OF AMERICA v. UNITED STATES",7,5,3,85,1,2
"WBRutledge",1946,"JOSEPH, COMPTROLLER, ET AL. v. CARTER & WEEKES STEVEDORING CO.",8,5,4,85,2,1
"WBRutledge",1946,"JOSEPH, COMPTROLLER, ET AL. v. CARTER & WEEKES STEVEDORING CO.",8,5,4,85,2,1
"WBRutledge",1946,"AMERICAN STEVEDORES, INC. v. PORELLO ET AL.",8,7,2,85,1,2
"WBRutledge",1946,"AMERICAN STEVEDORES, INC. v. PORELLO ET AL.",8,7,2,85,1,2
"WBRutledge",1946,"AMERICAN STEVEDORES, INC. v. PORELLO ET AL.",8,7,2,85,1,2
"WBRutledge",1946,"AETNA CASUALTY & SURETY CO. ET AL. v. FLOWERS",9,9,0,85,1,2
"WBRutledge",1946,"CARDILLO, DEPUTY COMMISSIONER, UNITED STATES EMPLOYEES' COMPENSATION COMMISSION, v. LIBERTY MUTUAL INSURANCE CO. ET AL.",8,7,2,85,1,2
"WBRutledge",1946,"CARDILLO, DEPUTY COMMISSIONER, UNITED STATES EMPLOYEES' COMPENSATION COMMISSION, v. LIBERTY MUTUAL INSURANCE CO. ET AL.",8,7,2,85,1,2
"WBRutledge",1946,"PACKARD MOTOR CAR CO. v. NATIONAL LABOR RELATIONS BOARD",7,5,4,85,1,2
"WBRutledge",1946,"GULF OIL CORP. v. GILBERT, DOING BUSINESS AS GILBERT STORAGE & TRANSFER CO.",9,5,4,85,2,1
"WBRutledge",1946,"KOSTER v. (AMERICAN) LUMBERMENS MUTUAL CASUALTY CO.",9,5,4,85,2,1
"WBRutledge",1946,"UNITED STATES DEPARTMENT OF AGRICULTURE, EMERGENCY CROP AND FEED LOANS v. REMUND, ADMINISTRATOR",12,8,1,85,1,2
"WBRutledge",1946,"WALLING, WAGE AND HOUR ADMINISTRATOR, v. GENERAL INDUSTRIES CO.",7,6,3,85,2,1
"WBRutledge",1946,"KOTCH ET AL. v. BOARD OF RIVER PORT PILOT COMMISSIONERS FOR THE PORT OF NEW ORLEANS ET AL.",2,5,4,85,2,1
"WBRutledge",1946,"INTERSTATE COMMERCE COMMISSION v. MECHLING, DOING BUSINESS AS A. L. MECHLING BARGE LINE, ET AL.",8,7,2,85,1,2
"WBRutledge",1946,"INTERSTATE COMMERCE COMMISSION v. MECHLING, DOING BUSINESS AS A. L. MECHLING BARGE LINE, ET AL.",8,7,2,85,1,2
"WBRutledge",1946,"PENFIELD COMPANY OF CALIFORNIA ET AL. v. SECURITIES & EXCHANGE COMMISSION",1,7,2,85,4,2
"WBRutledge",1946,"PENFIELD COMPANY OF CALIFORNIA ET AL. v. SECURITIES & EXCHANGE COMMISSION",1,7,2,85,4,2
"WBRutledge",1946,"NEW YORK EX REL. HALVEY v. HALVEY",11,9,0,85,4,2
"WBRutledge",1946,"INDUSTRIAL COMMISSION OF WISCONSIN ET AL. v. McCARTIN ET AL.",11,9,0,85,4,2
"WBRutledge",1946,"HAUPT v. UNITED STATES",1,8,1,85,1,2
"WBRutledge",1946,"LEVINSON v. SPECTOR MOTOR SERVICE",7,6,3,85,2,1
"WBRutledge",1946,"LEVINSON v. SPECTOR MOTOR SERVICE",7,6,3,85,2,1
"WBRutledge",1946,"PYRAMID MOTOR FREIGHT CORP. v. ISPASS ET AL.",7,9,0,85,1,2
"WBRutledge",1946,"PYRAMID MOTOR FREIGHT CORP. v. ISPASS ET AL.",7,9,0,85,1,2
"WBRutledge",1946,"PYRAMID MOTOR FREIGHT CORP. v. ISPASS ET AL.",7,9,0,85,1,2
"WBRutledge",1946,"UNITED STATES v. OGILVIE HARDWARE CO., INC.",12,7,2,85,1,2
"WBRutledge",1946,"UNITED STATES v. LEM HOY",1,9,0,85,1,2
"WBRutledge",1946,"LAND, CHAIRMAN, UNITED STATES MARITIME COMMISSION, ET AL. v. DOLLAR ET AL.",9,8,0,85,1,2
"WBRutledge",1946,"BRUCE'S JUICES, INC. v. AMERICAN CAN CO.",8,5,4,85,2,1
"WBRutledge",1946,"BETHLEHEM STEEL CO. ET AL. v. NEW YORK STATE LABOR RELATIONS BOARD",10,9,0,85,4,2
"WBRutledge",1946,"BETHLEHEM STEEL CO. ET AL. v. NEW YORK STATE LABOR RELATIONS BOARD",10,9,0,85,4,2
"WBRutledge",1946,"BETHLEHEM STEEL CO. ET AL. v. NEW YORK STATE LABOR RELATIONS BOARD",10,9,0,85,4,2
"WBRutledge",1946,"BETHLEHEM STEEL CO. ET AL. v. NEW YORK STATE LABOR RELATIONS BOARD",10,9,0,85,4,2
"WBRutledge",1946,"CRANE v. COMMISSIONER OF INTERNAL REVENUE",12,6,3,85,1,2
"WBRutledge",1946,"WALLING, WAGE AND HOUR ADMINISTRATOR, v. HALLIBURTON OIL WELL CEMENTING CO.",7,7,2,85,4,2
"WBRutledge",1946,"UNITED STATES NATIONAL BANK ET AL. v. CHASE NATIONAL BANK ET AL.",8,8,1,85,1,2
"WBRutledge",1946,"TRAILMOBILE COMPANY ET AL. v. WHIRLS",2,7,2,85,1,2
"WBRutledge",1946,"INDEPENDENT WAREHOUSES, INC. ET AL. v. SCHEELE, RECORDER OF THE TOWNSHIP OF SADDLE RIVER, ET AL.",8,7,2,85,1,2
"WBRutledge",1946,"INDEPENDENT WAREHOUSES, INC. ET AL. v. SCHEELE, RECORDER OF THE TOWNSHIP OF SADDLE RIVER, ET AL.",8,7,2,85,1,2
"WBRutledge",1946,"INDEPENDENT WAREHOUSES, INC. ET AL. v. SCHEELE, RECORDER OF THE TOWNSHIP OF SADDLE RIVER, ET AL.",8,7,2,85,1,2
"WBRutledge",1946,"McCULLOUGH v. KAMMERER CORPORATION ET AL.",9,9,0,85,1,2
"WBRutledge",1946,"FLEMING, TEMPORARY CONTROLS ADMINISTRATOR, v. RHODES, SHERIFF, ET AL.",9,8,1,85,1,2
"WBRutledge",1946,"FLEMING, TEMPORARY CONTROLS ADMINISTRATOR, v. RHODES, SHERIFF, ET AL.",9,8,1,85,1,2
"WBRutledge",1946,"FLEMING, TEMPORARY CONTROLS ADMINISTRATOR, v. RHODES, SHERIFF, ET AL.",9,8,1,85,1,2
"WBRutledge",1946,"FLEMING, TEMPORARY CONTROLS ADMINISTRATOR, v. MOHAWK WRECKING & LUMBER CO. ET AL.",1,9,0,85,1,2
"WBRutledge",1946,"FLEMING, TEMPORARY CONTROLS ADMINISTRATOR, v. MOHAWK WRECKING & LUMBER CO. ET AL.",1,9,0,85,1,2
"WBRutledge",1946,"FLEMING, TEMPORARY CONTROLS ADMINISTRATOR, v. MOHAWK WRECKING & LUMBER CO. ET AL.",1,9,0,85,1,2
"WBRutledge",1946,"FLEMING, TEMPORARY CONTROLS ADMINISTRATOR, v. MOHAWK WRECKING & LUMBER CO. ET AL.",1,9,0,85,1,2
"WBRutledge",1946,"FLEMING, TEMPORARY CONTROLS ADMINISTRATOR, v. MOHAWK WRECKING & LUMBER CO. ET AL.",1,9,0,85,1,2
"WBRutledge",1946,"FLEMING, TEMPORARY CONTROLS ADMINISTRATOR, v. MOHAWK WRECKING & LUMBER CO. ET AL.",1,9,0,85,1,2
"WBRutledge",1946,"CHAMPION SPARK PLUG CO. v. SANDERS ET AL., DOING BUSINESS AS PERFECT RECONDITION SPARK PLUG CO.",8,9,0,85,1,2
"WBRutledge",1946,"AYRSHIRE COLLIERIES CORP. ET AL. v. UNITED STATES ET AL.",9,8,1,85,2,1
"WBRutledge",1946,"AYRSHIRE COLLIERIES CORP. ET AL. v. UNITED STATES ET AL.",9,8,1,85,2,1
"WBRutledge",1946,"HARRIS v. UNITED STATES",1,5,4,85,2,1
"WBRutledge",1946,"149 MADISON AVENUE CORP. ET AL. v. ASSELTA ET AL.",7,9,0,85,1,2
"WBRutledge",1946,"COMMISSIONER OF INTERNAL REVENUE v. MUNTER",12,9,0,85,1,2
"WBRutledge",1946,"COMMISSIONER OF INTERNAL REVENUE v. MUNTER",12,9,0,85,1,2
"WBRutledge",1946,"RICE ET AL. v. SANTA FE ELEVATOR CORP. ET AL.",10,7,2,85,2,1
"WBRutledge",1946,"RICE ET AL. v. SANTA FE ELEVATOR CORP. ET AL.",10,7,2,85,2,1
"WBRutledge",1946,"RICE ET AL. v. BOARD OF TRADE OF THE CITY OF CHICAGO",10,9,0,85,1,2
"WBRutledge",1946,"RICE ET AL. v. BOARD OF TRADE OF THE CITY OF CHICAGO",10,9,0,85,1,2
"WBRutledge",1946,"UNITED STATES v. FULLARD-LEO ET AL.",10,5,4,85,2,1
"WBRutledge",1946,"NEW YORK ET AL. v. UNITED STATES ET AL.",8,7,2,85,1,2
"WBRutledge",1946,"NEW YORK ET AL. v. UNITED STATES ET AL.",8,7,2,85,1,2
"WBRutledge",1946,"NEW YORK ET AL. v. UNITED STATES ET AL.",8,7,2,85,1,2
"WBRutledge",1946,"CRAIG ET AL. v. HARNEY, SHERIFF",3,6,3,85,1,2
"WBRutledge",1946,"NATIONAL LABOR RELATIONS BOARD v. E. C. ATKINS & CO.",7,6,3,85,1,2
"WBRutledge",1946,"NATIONAL LABOR RELATIONS BOARD v. JONES & LAUGHLIN STEEL CORP.",9,5,4,85,1,2
"WBRutledge",1946,"NATIONAL LABOR RELATIONS BOARD v. JONES & LAUGHLIN STEEL CORP.",7,5,4,85,1,2
"WBRutledge",1946,"UNITED STATES v. WALSH, TRADING AS KELP LABORATORIES",8,8,1,85,1,2
"WBRutledge",1946,"UNITED STATES v. WALSH, TRADING AS KELP LABORATORIES",8,8,1,85,1,2
"WBRutledge",1946,"COPE v. ANDERSON, RECEIVER",9,8,0,85,1,2
"WBRutledge",1946,"COPE v. ANDERSON, RECEIVER",9,8,0,85,1,2
"WBRutledge",1946,"UNITED STATES v. SMITH, U.S. DISTRICT JUDGE, ET AL.",1,9,0,85,1,2
"WBRutledge",1946,"MYERS v. READING COMPANY",8,9,0,85,1,2
"WBRutledge",1946,"GREENOUGH ET AL., TRUSTEES, v. TAX ASSESSORS OF NEWPORT ET AL.",8,5,4,85,2,1
"WBRutledge",1946,"CLARK, ATTORNEY GENERAL, AS SUCCESSOR TO THE ALIEN PROPERTY CUSTODIAN, v. ALLEN ET AL.",2,9,0,85,4,2
"WBRutledge",1946,"BROTHERHOOD OF RAILROAD TRAINMEN v. BALTIMORE & OHIO RAILROAD CO. ET AL.",7,9,0,85,1,2
"WBRutledge",1946,"BROTHERHOOD OF RAILROAD TRAINMEN v. BALTIMORE & OHIO RAILROAD CO. ET AL.",7,9,0,85,1,2
"WBRutledge",1946,"UNITED STATES v. BAYER ET AL.",2,7,2,85,2,1
"WBRutledge",1946,"UNITED STATES v. BAYER ET AL.",1,7,2,85,2,1
"WBRutledge",1946,"GOSPEL ARMY v. LOS ANGELES ET AL.",9,9,0,85,1,2
"WBRutledge",1946,"RESCUE ARMY ET AL. v. MUNICIPAL COURT OF LOS ANGELES",9,7,2,85,1,2
"WBRutledge",1946,"ORDER OF UNITED COMMERCIAL TRAVELERS OF AMERICA v. WOLFE",11,5,4,85,2,1
"WBRutledge",1946,"WILLIAMS ET AL. v. AUSTRIAN ET AL., TRUSTEES",8,7,2,85,1,2
"WBRutledge",1946,"INTERSTATE NATURAL GAS CO., INC. v. FEDERAL POWER COMMISSION et al.",8,9,0,85,1,2
"WBRutledge",1946,"McWILLIAMS v. COMMISSIONER OF INTERNAL REVENUE",12,8,0,85,1,2
"WBRutledge",1946,"McWILLIAMS v. COMMISSIONER OF INTERNAL REVENUE",12,8,0,85,1,2
"WBRutledge",1946,"McWILLIAMS v. COMMISSIONER OF INTERNAL REVENUE",12,8,0,85,1,2
"WBRutledge",1946,"UNITED STATES v. SILK, DOING BUSINESS AS ALBERT SILK COAL CO.",12,6,3,85,3,2
"WBRutledge",1946,"UNITED STATES v. SILK, DOING BUSINESS AS ALBERT SILK COAL CO.",12,5,4,85,2,1
"WBRutledge",1946,"RUTHERFORD FOOD CORP. ET AL. v. McCOMB, WAGE AND HOUR ADMINISTRATOR",7,9,0,85,1,2
"WBRutledge",1946,"MEXICAN LIGHT & POWER CO., LTD. v. TEXAS MEXICAN RAILWAY CO.",8,7,2,85,1,2
"WBRutledge",1946,"BAZLEY v. COMMISSIONER OF INTERNAL REVENUE",12,7,2,85,1,2
"WBRutledge",1946,"BAZLEY v. COMMISSIONER OF INTERNAL REVENUE",12,7,2,85,1,2
"WBRutledge",1946,"UNITED STATES v. DICKINSON",4,9,0,85,1,2
"WBRutledge",1946,"UNITED STATES v. DICKINSON",4,9,0,85,1,2
"WBRutledge",1946,"UNITED STATES v. DICKINSON",4,9,0,85,1,2
"WBRutledge",1946,"UNITED STATES v. DICKINSON",4,9,0,85,1,2
"WBRutledge",1946,"AIRCRAFT & DIESEL EQUIPMENT CORP. v. HIRSCH ET AL.",9,8,1,85,1,2
"WBRutledge",1946,"UNITED STATES v. PETRILLO",3,5,3,85,2,1
"WBRutledge",1946,"UNITED STATES v. PETRILLO",4,5,3,85,2,1
"WBRutledge",1946,"UNITED STATES v. PETRILLO",2,5,3,85,2,1
"WBRutledge",1946,"UNITED STATES v. PETRILLO",9,5,3,85,2,1
"WBRutledge",1946,"UNITED STATES v. PETRILLO",4,5,3,85,2,1
"WBRutledge",1946,"ADAMSON v. CALIFORNIA",1,5,4,85,2,1
"WBRutledge",1946,"BARTELS ET AL., DOING BUSINESS AS CRYSTAL BALLROOM, v. BIRMINGHAM, COLLECTOR OF INTERNAL REVENUE, ET AL.",12,6,3,85,1,2
"WBRutledge",1946,"BARTELS ET AL., DOING BUSINESS AS CRYSTAL BALLROOM, v. BIRMINGHAM, COLLECTOR OF INTERNAL REVENUE, ET AL.",12,6,3,85,1,2
"WBRutledge",1946,"FOSTER et al. v. ILLINOIS",1,5,4,85,2,1
"WBRutledge",1946,"GAYES v. NEW YORK",1,5,4,85,2,1
"WBRutledge",1946,"CALDAROLA v. ECKERT ET AL., DOING BUSINESS AS THOR ECKERT & CO.",8,5,4,85,2,1
"WBRutledge",1946,"ATLANTIC COAST LINE RAILROAD CO. v. PHILLIPS, STATE REVENUE COMMISSIONER",8,9,0,85,4,2
"WBRutledge",1946,"SUNAL v. LARGE, SUPERINTENDENT, FEDERAL PRISON CAMP",3,6,3,85,2,1
"WBRutledge",1946,"SUNAL v. LARGE, SUPERINTENDENT, FEDERAL PRISON CAMP",3,6,3,85,2,1
"WBRutledge",1946,"SECURITIES & EXCHANGE COMMISSION v. CHENERY CORPORATION ET AL.",8,5,2,85,1,2
"WBRutledge",1946,"SECURITIES & EXCHANGE COMMISSION v. CHENERY CORPORATION ET AL.",8,5,2,85,1,2
"WBRutledge",1946,"UNITED STATES v. YELLOW CAB CO. et al.",8,7,1,85,1,2
"WBRutledge",1946,"UNITED STATES v. YELLOW CAB CO. et al.",8,6,2,85,2,1
"WBRutledge",1946,"UNITED STATES v. MUNSEY TRUST CO., RECEIVER",8,7,1,85,1,2
"WBRutledge",1946,"UNITED STATES v. MUNSEY TRUST CO., RECEIVER",8,7,1,85,1,2
"WBRutledge",1946,"FAHEY, FEDERAL HOME LOAN BANK COMMISSIONER, ET AL. v. MALLONEE ET AL.",8,9,0,85,4,2
"WBRutledge",1946,"FAHEY, FEDERAL HOME LOAN BANK COMMISSIONER, ET AL. v. MALLONEE ET AL.",8,9,0,85,4,2
"WBRutledge",1946,"EX PARTE FAHEY, FEDERAL HOME LOAN BANK COMMISSIONER, ET AL.",9,9,0,85,1,2
"WBRutledge",1946,"FAY v. NEW YORK",1,5,4,85,2,1
"WBRutledge",1946,"FAY v. NEW YORK",1,5,4,85,2,1
"WBRutledge",1946,"FAY v. NEW YORK",1,5,4,85,2,1
"WBRutledge",1946,"FAY v. NEW YORK",1,5,4,85,2,1
"WBRutledge",1946,"FAY v. NEW YORK",1,5,4,85,2,1
"WBRutledge",1946,"FAY v. NEW YORK",1,5,4,85,2,1
"WBRutledge",1946,"UNITED STATES v. STANDARD OIL COMPANY OF CALIFORNIA ET AL.",8,8,1,85,1,2
"WBRutledge",1946,"UNITED STATES v. NATIONAL LEAD CO. ET AL.",8,4,3,85,2,1
"WBRutledge",1946,"UNITED STATES v. NATIONAL LEAD CO. ET AL.",8,7,0,85,3,2
"WBRutledge",1946,"UNITED STATES v. NATIONAL LEAD CO. ET AL.",8,7,0,85,3,2
"WBRutledge",1947,"RODGERS v. UNITED STATES",1,7,2,85,2,1
"WBRutledge",1947,"FEDERAL CROP INSURANCE CORP. v. MERRILL ET AL., DOING BUSINESS AS MERRILL BROS.",8,5,4,85,2,1
"WBRutledge",1947,"DELGADILLO v. CARMICHAEL, DISTRICT DIRECTOR, IMMIGRATION AND NATURALIZATION SERVICE",2,9,0,85,1,2
"WBRutledge",1947,"INTERNATIONAL SALT CO., INC. v. UNITED STATES",8,6,3,85,1,2
"WBRutledge",1947,"INTERNATIONAL SALT CO., INC. v. UNITED STATES",8,6,3,85,1,2
"WBRutledge",1947,"PRIEBE & SONS, INC. v. UNITED STATES",8,5,4,85,1,2
"WBRutledge",1947,"MORRIS v. McCOMB, WAGE AND HOUR ADMINISTRATOR",7,5,4,85,2,1
"WBRutledge",1947,"MORRIS v. McCOMB, WAGE AND HOUR ADMINISTRATOR",7,5,4,85,2,1
"WBRutledge",1947,"COX v. UNITED STATES",3,5,4,85,2,1
"WBRutledge",1947,"COX v. UNITED STATES",3,5,4,85,2,1
"WBRutledge",1947,"COX v. UNITED STATES",3,5,4,85,2,1
"WBRutledge",1947,"LILLIE v. THOMPSON, TRUSTEE",8,9,0,85,1,2
"WBRutledge",1947,"PATTON v. MISSISSIPPI",2,9,0,85,1,2
"WBRutledge",1947,"SILESIAN-AMERICAN CORP. ET AL. v. CLARK, ATTORNEY GENERAL, AS SUCCESSOR TO THE ALIEN PROPERTY CUSTODIAN",4,8,0,85,1,2
"WBRutledge",1947,"CLARK, ATTORNEY GENERAL, AS SUCCESSOR TO THE ALIEN PROPERTY CUSTODIAN, v. UEBERSEE FINANZ-KORPORATION, A. G.",4,8,0,85,1,2
"WBRutledge",1947,"WILLIAMS ET AL. v. FANNING, POSTMASTER OF LOS ANGELES",9,7,2,85,1,2
"WBRutledge",1947,"AERO MAYFLOWER TRANSIT CO. v. BOARD OF RAILROAD COMMISSIONERS OF MONTANA ET AL.",8,9,0,85,1,2
"WBRutledge",1947,"PANHANDLE EASTERN PIPE LINE CO. v. PUBLIC SERVICE COMMISSION OF INDIANA ET AL.",10,8,0,85,1,2
"WBRutledge",1947,"PANHANDLE EASTERN PIPE LINE CO. v. PUBLIC SERVICE COMMISSION OF INDIANA ET AL.",8,8,0,85,1,2
"WBRutledge",1947,"JONES, COLLECTOR OF INTERNAL REVENUE, v. LIBERTY GLASS CO.",12,8,1,85,1,2
"WBRutledge",1947,"KAVANAGH, COLLECTOR OF INTERNAL REVENUE, v. NOBLE",12,8,1,85,1,2
"WBRutledge",1947,"BLUMENTHAL v. UNITED STATES",1,9,0,85,1,2
"WBRutledge",1947,"BLUMENTHAL v. UNITED STATES",1,9,0,85,1,2
"WBRutledge",1947,"BLUMENTHAL v. UNITED STATES",1,9,0,85,1,2
"WBRutledge",1947,"BLUMENTHAL v. UNITED STATES",1,9,0,85,1,2
"WBRutledge",1947,"MARINO v. RAGEN, WARDEN",1,9,0,85,3,2
"WBRutledge",1947,"GLOBE LIQUOR CO., INC. v. SAN ROMAN ET AL., DOING BUSINESS AS INTERNATIONAL INDUSTRIES",9,9,0,85,1,2
"WBRutledge",1947,"SEALFON v. UNITED STATES",1,9,0,85,1,2
"WBRutledge",1947,"UNITED STATES v. Di RE",1,7,2,85,1,2
"WBRutledge",1947,"HALEY v. OHIO",1,5,4,85,1,2
"WBRutledge",1947,"CALLEN v. PENNSYLVANIA RAILROAD CO.",8,5,4,85,2,1
"WBRutledge",1947,"SIPUEL v. BOARD OF REGENTS OF THE UNIVERSITY OF OKLAHOMA ET AL.",2,9,0,85,1,2
"WBRutledge",1947,"OYAMA ET AL. v. CALIFORNIA",2,6,3,85,4,2
"WBRutledge",1947,"UNITED STATES v. SULLIVAN, TRADING AS SULLIVAN'S PHARMACY",8,6,3,85,3,2
"WBRutledge",1947,"UNITED STATES v. SULLIVAN, TRADING AS SULLIVAN'S PHARMACY",8,6,3,85,3,2
"WBRutledge",1947,"VON MOLTKE v. GILLIES, SUPERINTENDENT OF THE DETROIT HOUSE OF CORRECTION",1,6,3,85,1,2
"WBRutledge",1947,"LEE v. MISSISSIPPI",1,9,0,85,1,2
"WBRutledge",1947,"LE MAISTRE v. LEFFERS ET AL.",2,9,0,85,1,2
"WBRutledge",1947,"FONG HAW TAN v. PHELAN, ACTING DISTRICT DIRECTOR, IMMIGRATION AND NATURALIZATION SERVICE",2,9,0,85,1,2
"WBRutledge",1947,"JOHNSON v. UNITED STATES",1,5,4,85,1,2
"WBRutledge",1947,"UNITED STATES v. BROWN",1,7,2,85,1,2
"WBRutledge",1947,"BOB-LO EXCURSION CO. v. MICHIGAN",2,7,2,85,1,2
"WBRutledge",1947,"JOHNSON v. UNITED STATES",8,6,3,85,1,2
"WBRutledge",1947,"MAGGIO v. ZEITZ, TRUSTEE IN BANKRUPTCY",1,7,2,85,2,1
"WBRutledge",1947,"MAGGIO v. ZEITZ, TRUSTEE IN BANKRUPTCY",1,8,1,85,4,2
"WBRutledge",1947,"MUSSER ET AL. v. UTAH",9,6,3,85,2,1
"WBRutledge",1947,"CHICAGO & SOUTHERN AIR LINES, INC. v. WATERMAN STEAMSHIP CORP.",9,5,4,85,2,1
"WBRutledge",1947,"CHICAGO & SOUTHERN AIR LINES, INC. v. WATERMAN STEAMSHIP CORP.",9,5,4,85,2,1
"WBRutledge",1947,"SEABOARD AIR LINE RAILROAD CO. v. DANIEL, ATTORNEY GENERAL, ET AL.",8,9,0,85,1,2
"WBRutledge",1947,"FUNK BROTHERS SEED CO. v. KALO INOCULANT CO.",8,7,2,85,1,2
"WBRutledge",1947,"WOODS, HOUSING EXPEDITER, v. CLOYD W. MILLER CO. ET AL.",4,9,0,85,1,2
"WBRutledge",1947,"WOODS, HOUSING EXPEDITER, v. CLOYD W. MILLER CO. ET AL.",4,9,0,85,1,2
"WBRutledge",1947,"WOODS, HOUSING EXPEDITER, v. CLOYD W. MILLER CO. ET AL.",4,9,0,85,1,2
"WBRutledge",1947,"FISHER v. HURST, CHIEF JUSTICE, ET AL.",2,7,2,85,2,1
"WBRutledge",1947,"KING v. ORDER OF UNITED COMMERCIAL TRAVELERS OF AMERICA",9,9,0,85,1,2
"WBRutledge",1947,"SUTTLE, ADMINISTRATRIX, v. REICH BROS. CONSTRUCTION CO. ET AL.",9,9,0,85,1,2
"WBRutledge",1947,"UNITED STATES ET AL. v. BALTIMORE & OHIO RAILROAD CO. ET AL.",8,8,1,85,1,2
"WBRutledge",1947,"UNITED STATES ET AL. v. BALTIMORE & OHIO RAILROAD CO. ET AL.",8,8,1,85,1,2
"WBRutledge",1947,"DONALDSON, POSTMASTER GENERAL, v. READ MAGAZINE, INC. ET AL.",3,7,2,85,1,2
"WBRutledge",1947,"DONALDSON, POSTMASTER GENERAL, v. READ MAGAZINE, INC. ET AL.",3,7,2,85,1,2
"WBRutledge",1947,"COLE ET AL. v. ARKANSAS",4,9,0,85,1,2
"WBRutledge",1947,"ILLINOIS EX REL. McCOLLUM v. BOARD OF EDUCATION OF SCHOOL DISTRICT NO. 71, CHAMPAIGN COUNTY, ILLINOIS, ET AL.",3,8,1,85,3,2
"WBRutledge",1947,"IN RE OLIVER",1,7,2,85,3,2
"WBRutledge",1947,"UNITED STATES v. LINE MATERIAL CO. ET AL.",8,5,3,85,3,2
"WBRutledge",1947,"UNITED STATES v. UNITED STATES GYPSUM CO. ET AL.",8,8,0,85,1,2
"WBRutledge",1947,"UNITED STATES v. UNITED STATES GYPSUM CO. ET AL.",8,8,0,85,1,2
"WBRutledge",1947,"MITCHELL ET AL., MEMBERS OF THE CIVIL SERVICE COMMISSION, v. COHEN",2,8,1,85,1,2
"WBRutledge",1947,"MITCHELL ET AL., MEMBERS OF THE CIVIL SERVICE COMMISSION, v. COHEN",2,8,1,85,1,2
"WBRutledge",1947,"MOGALL v. UNITED STATES",1,9,0,85,1,2
"WBRutledge",1947,"ECCLES ET AL. v. PEOPLES BANK OF LAKEWOOD VILLAGE, CALIFORNIA",9,5,2,85,1,2
"WBRutledge",1947,"BAKERY SALES DRIVERS LOCAL UNION NO. 33 ET AL. v. WAGSHAL, TRADING AS WAGSHAL'S DELICATESSEN",7,5,3,85,NA,NA
"WBRutledge",1947,"BAKERY SALES DRIVERS LOCAL UNION NO. 33 ET AL. v. WAGSHAL, TRADING AS WAGSHAL'S DELICATESSEN",7,5,3,85,NA,NA
"WBRutledge",1947,"FRANCIS ET AL. v. SOUTHERN PACIFIC CO.",8,6,3,85,2,1
"WBRutledge",1947,"WOODS, HOUSING EXPEDITER, v. STONE",8,8,1,85,1,2
"WBRutledge",1947,"UNITED STATES v. EVANS",1,9,0,85,1,2
"WBRutledge",1947,"COMMISSIONER OF INTERNAL REVENUE v. SOUTH TEXAS LUMBER CO.",12,7,2,85,1,2
"WBRutledge",1947,"WINTERS v. NEW YORK",3,6,3,85,1,2
"WBRutledge",1947,"CONNECTICUT MUTUAL LIFE INSURANCE CO. ET AL. v. MOORE, COMPTROLLER OF THE STATE OF NEW YORK",8,6,3,85,1,2
"WBRutledge",1947,"MOORE ET AL. v. NEW YORK",2,5,4,85,2,1
"WBRutledge",1947,"MOORE ET AL. v. NEW YORK",2,5,4,85,2,1
"WBRutledge",1947,"PARKER v. ILLINOIS",4,6,3,85,2,1
"WBRutledge",1947,"SHADE v. DOWNING ET AL.",2,6,3,85,1,2
"WBRutledge",1947,"COMMISSIONER OF INTERNAL REVENUE v. SUNNEN",9,9,0,85,1,2
"WBRutledge",1947,"MASSACHUSETTS ET AL. v. UNITED STATES",12,5,4,85,1,2
"WBRutledge",1947,"BUTE v. ILLINOIS",1,5,4,85,2,1
"WBRutledge",1947,"BUTE v. ILLINOIS",1,5,4,85,2,1
"WBRutledge",1947,"FEDERAL TRADE COMMISSION v. CEMENT INSTITUTE ET AL.",4,6,1,85,1,2
"WBRutledge",1947,"FEDERAL TRADE COMMISSION v. CEMENT INSTITUTE ET AL.",4,6,1,85,1,2
"WBRutledge",1947,"FEDERAL TRADE COMMISSION v. CEMENT INSTITUTE ET AL.",4,6,1,85,1,2
"WBRutledge",1947,"FEDERAL TRADE COMMISSION v. CEMENT INSTITUTE ET AL.",4,6,1,85,1,2
"WBRutledge",1947,"FEDERAL TRADE COMMISSION v. CEMENT INSTITUTE ET AL.",4,6,1,85,1,2
"WBRutledge",1947,"FEDERAL TRADE COMMISSION v. CEMENT INSTITUTE ET AL.",4,6,1,85,1,2
"WBRutledge",1947,"FEDERAL TRADE COMMISSION v. CEMENT INSTITUTE ET AL.",4,6,1,85,1,2
"WBRutledge",1947,"FEDERAL TRADE COMMISSION v. CEMENT INSTITUTE ET AL.",4,6,1,85,1,2
"WBRutledge",1947,"FEDERAL TRADE COMMISSION v. CEMENT INSTITUTE ET AL.",4,6,1,85,1,2
"WBRutledge",1947,"FEDERAL TRADE COMMISSION v. CEMENT INSTITUTE ET AL.",4,6,1,85,1,2
"WBRutledge",1947,"FEDERAL TRADE COMMISSION v. CEMENT INSTITUTE ET AL.",4,6,1,85,1,2
"WBRutledge",1947,"FEDERAL TRADE COMMISSION v. CEMENT INSTITUTE ET AL.",4,6,1,85,1,2
"WBRutledge",1947,"FEDERAL TRADE COMMISSION v. CEMENT INSTITUTE ET AL.",4,6,1,85,1,2
"WBRutledge",1947,"FEDERAL TRADE COMMISSION v. CEMENT INSTITUTE ET AL.",4,6,1,85,1,2
"WBRutledge",1947,"FEDERAL TRADE COMMISSION v. CEMENT INSTITUTE ET AL.",4,6,1,85,1,2
"WBRutledge",1947,"FEDERAL TRADE COMMISSION v. CEMENT INSTITUTE ET AL.",4,6,1,85,1,2
"WBRutledge",1947,"FEDERAL TRADE COMMISSION v. CEMENT INSTITUTE ET AL.",4,6,1,85,1,2
"WBRutledge",1947,"FEDERAL TRADE COMMISSION v. CEMENT INSTITUTE ET AL.",4,6,1,85,1,2
"WBRutledge",1947,"FEDERAL TRADE COMMISSION v. CEMENT INSTITUTE ET AL.",4,6,1,85,1,2
"WBRutledge",1947,"FEDERAL TRADE COMMISSION v. CEMENT INSTITUTE ET AL.",4,6,1,85,1,2
"WBRutledge",1947,"FEDERAL TRADE COMMISSION v. CEMENT INSTITUTE ET AL.",4,6,1,85,1,2
"WBRutledge",1947,"FEDERAL TRADE COMMISSION v. CEMENT INSTITUTE ET AL.",4,6,1,85,1,2
"WBRutledge",1947,"FEDERAL TRADE COMMISSION v. CEMENT INSTITUTE ET AL.",4,6,1,85,1,2
"WBRutledge",1947,"FEDERAL TRADE COMMISSION v. CEMENT INSTITUTE ET AL.",4,6,1,85,1,2
"WBRutledge",1947,"FEDERAL TRADE COMMISSION v. CEMENT INSTITUTE ET AL.",4,6,1,85,1,2
"WBRutledge",1947,"FEDERAL TRADE COMMISSION v. CEMENT INSTITUTE ET AL.",4,6,1,85,1,2
"WBRutledge",1947,"FEDERAL TRADE COMMISSION v. CEMENT INSTITUTE ET AL.",4,6,1,85,1,2
"WBRutledge",1947,"FEDERAL TRADE COMMISSION v. CEMENT INSTITUTE ET AL.",4,6,1,85,1,2
"WBRutledge",1947,"FEDERAL TRADE COMMISSION v. CEMENT INSTITUTE ET AL.",4,6,1,85,1,2
"WBRutledge",1947,"FEDERAL TRADE COMMISSION v. CEMENT INSTITUTE ET AL.",4,6,1,85,1,2
"WBRutledge",1947,"FEDERAL TRADE COMMISSION v. CEMENT INSTITUTE ET AL.",4,6,1,85,1,2
"WBRutledge",1947,"FEDERAL TRADE COMMISSION v. CEMENT INSTITUTE ET AL.",4,6,1,85,1,2
"WBRutledge",1947,"FEDERAL TRADE COMMISSION v. CEMENT INSTITUTE ET AL.",4,6,1,85,1,2
"WBRutledge",1947,"FEDERAL TRADE COMMISSION v. CEMENT INSTITUTE ET AL.",4,6,1,85,1,2
"WBRutledge",1947,"FEDERAL TRADE COMMISSION v. CEMENT INSTITUTE ET AL.",4,6,1,85,1,2
"WBRutledge",1947,"FEDERAL TRADE COMMISSION v. CEMENT INSTITUTE ET AL.",4,6,1,85,1,2
"WBRutledge",1947,"ANDRES v. UNITED STATES",1,9,0,85,1,2
"WBRutledge",1947,"UNITED STATES v. SOUTH BUFFALO RAILWAY CO. ET AL.",8,5,4,85,2,1
"WBRutledge",1947,"UNITED STATES v. SCOPHONY CORPORATION OF AMERICA ET AL.",8,9,0,85,1,2
"WBRutledge",1947,"ANDERSON, ADMINISTRATRIX, v. ATCHISON, TOPEKA & SANTA FE RAILWAY CO.",8,9,0,85,1,2
"WBRutledge",1947,"SHELLEY ET UX. v. KRAEMER ET UX.",2,6,0,85,NA,NA
"WBRutledge",1947,"SHELLEY ET UX. v. KRAEMER ET UX.",2,6,0,85,NA,NA
"WBRutledge",1947,"HURD ET UX. v. HODGE ET AL.",2,6,0,85,NA,NA
"WBRutledge",1947,"HURD ET UX. v. HODGE ET AL.",2,6,0,85,NA,NA
"WBRutledge",1947,"FEDERAL TRADE COMMISSION v. MORTON SALT CO.",8,7,2,85,1,2
"WBRutledge",1947,"REPUBLIC NATURAL GAS CO. v. OKLAHOMA ET AL.",9,5,4,85,2,1
"WBRutledge",1947,"UNITED STATES v. GRIFFITH ET AL.",8,6,1,85,1,2
"WBRutledge",1947,"SCHINE CHAIN THEATRES, INC. ET AL. v. UNITED STATES",8,7,0,85,1,2
"WBRutledge",1947,"UNITED STATES v. PARAMOUNT PICTURES, INC. ET AL.",8,7,1,85,1,2
"WBRutledge",1947,"UNITED STATES v. PARAMOUNT PICTURES, INC. ET AL.",8,7,1,85,1,2
"WBRutledge",1947,"UNITED STATES v. PARAMOUNT PICTURES, INC. ET AL.",8,7,1,85,1,2
"WBRutledge",1947,"UNITED STATES v. PARAMOUNT PICTURES, INC. ET AL.",8,7,1,85,1,2
"WBRutledge",1947,"UNITED STATES v. PARAMOUNT PICTURES, INC. ET AL.",8,7,1,85,1,2
"WBRutledge",1947,"UNITED STATES v. PARAMOUNT PICTURES, INC. ET AL.",8,7,1,85,1,2
"WBRutledge",1947,"UNITED STATES v. PARAMOUNT PICTURES, INC. ET AL.",8,7,1,85,1,2
"WBRutledge",1947,"UNITED STATES v. PARAMOUNT PICTURES, INC. ET AL.",8,7,1,85,1,2
"WBRutledge",1947,"SCHWABACHER ET AL. v. UNITED STATES ET AL.",10,5,3,85,1,2
"WBRutledge",1947,"WOODS, HOUSING EXPEDITER, v. HILLS",9,9,0,85,1,2
"WBRutledge",1947,"MANDEVILLE ISLAND FARMS, INC. ET AL. v. AMERICAN CRYSTAL SUGAR CO.",8,7,2,85,1,2
"WBRutledge",1947,"KENNEDY ET AL. v. SILAS MASON CO.",7,9,0,85,1,2
"WBRutledge",1947,"UNITED STATES v. UNITED STATES DISTRICT COURT FOR THE SOUTHERN DISTRICT OF NEW YORK ET AL.",9,7,0,85,1,2
"WBRutledge",1947,"PRICE v. JOHNSTON, WARDEN",1,5,4,85,1,2
"WBRutledge",1947,"PRICE v. JOHNSTON, WARDEN",1,5,4,85,1,2
"WBRutledge",1947,"HUNTER, WARDEN, v. MARTIN",1,9,0,85,1,2
"WBRutledge",1947,"BRIGGS, ADMINISTRATRIX, v. PENNSYLVANIA RAILROAD CO.",9,5,4,85,2,1
"WBRutledge",1947,"PATERNO v. LYONS, COMMISSIONER OF CORRECTION",4,8,1,85,1,2
"WBRutledge",1947,"HILTON v. SULLIVAN, SECRETARY OF THE NAVY, ET AL.",2,9,0,85,4,2
"WBRutledge",1947,"SHERRER v. SHERRER",4,7,2,85,1,2
"WBRutledge",1947,"SHERRER v. SHERRER",4,7,2,85,1,2
"WBRutledge",1947,"COE v. COE",4,7,2,85,1,2
"WBRutledge",1947,"COE v. COE",4,7,2,85,1,2
"WBRutledge",1947,"TOOMER ET AL. v. WITSELL ET AL.",2,9,0,85,3,2
"WBRutledge",1947,"TOOMER ET AL. v. WITSELL ET AL.",2,9,0,85,3,2
"WBRutledge",1947,"TOOMER ET AL. v. WITSELL ET AL.",2,9,0,85,3,2
"WBRutledge",1947,"TAKAHASHI v. FISH AND GAME COMMISSION ET AL.",2,7,2,85,3,2
"WBRutledge",1947,"TAKAHASHI v. FISH AND GAME COMMISSION ET AL.",2,7,2,85,3,2
"WBRutledge",1947,"PHYLE v. DUFFY, WARDEN",1,9,0,85,3,2
"WBRutledge",1947,"BAY RIDGE OPERATING CO., INC. v. AARON ET AL.",7,5,3,85,1,2
"WBRutledge",1947,"BAY RIDGE OPERATING CO., INC. v. AARON ET AL.",7,5,3,85,1,2
"WBRutledge",1947,"UNITED STATES v. COLUMBIA STEEL CO. ET AL.",8,5,4,85,2,1
"WBRutledge",1947,"ESTIN v. ESTIN",11,7,2,85,1,2
"WBRutledge",1947,"KREIGER v. KREIGER",11,7,2,85,1,2
"WBRutledge",1947,"SAIA v. NEW YORK",3,5,4,85,1,2
"WBRutledge",1947,"UNITED STATES v. NATIONAL CITY LINES, INC. ET AL.",9,7,2,85,1,2
"WBRutledge",1947,"UNITED STATES v. ZAZOVE",2,9,0,85,1,2
"WBRutledge",1947,"UNITED STATES v. JOHN J. FELIN & CO., INC.",4,7,2,85,4,2
"WBRutledge",1947,"CENTRAL GREYHOUND LINES, INC. v. MEALEY ET AL.",8,6,3,85,4,2
"WBRutledge",1947,"WADE v. MAYO, STATE PRISON CUSTODIAN",9,5,4,85,1,2
"WBRutledge",1947,"WADE v. MAYO, STATE PRISON CUSTODIAN",1,5,4,85,1,2
"WBRutledge",1947,"TRUPIANO ET AL. v. UNITED STATES",1,5,4,85,1,2
"WBRutledge",1947,"WEST v. OKLAHOMA TAX COMMISSION",8,6,3,85,1,2
"WBRutledge",1947,"WEST v. OKLAHOMA TAX COMMISSION",2,6,3,85,1,2
"WBRutledge",1947,"GRYGER v. BURKE, WARDEN",1,5,4,85,2,1
"WBRutledge",1947,"GRYGER v. BURKE, WARDEN",1,5,4,85,2,1
"WBRutledge",1947,"GRYGER v. BURKE, WARDEN",1,5,4,85,2,1
"WBRutledge",1947,"TOWNSEND v. BURKE, WARDEN",1,6,3,85,1,2
"WBRutledge",1947,"TOWNSEND v. BURKE, WARDEN",1,6,3,85,1,2
"WBRutledge",1947,"LICHTER ET AL., DOING BUSINESS AS SOUTHERN FIREPROOFING CO., v. UNITED STATES",4,7,2,85,1,2
"WBRutledge",1947,"LICHTER ET AL., DOING BUSINESS AS SOUTHERN FIREPROOFING CO., v. UNITED STATES",4,7,2,85,1,2
"WBRutledge",1947,"LICHTER ET AL., DOING BUSINESS AS SOUTHERN FIREPROOFING CO., v. UNITED STATES",4,7,2,85,1,2
"WBRutledge",1947,"LICHTER ET AL., DOING BUSINESS AS SOUTHERN FIREPROOFING CO., v. UNITED STATES",9,7,2,85,1,2
"WBRutledge",1947,"LICHTER ET AL., DOING BUSINESS AS SOUTHERN FIREPROOFING CO., v. UNITED STATES",9,9,0,85,1,2
"WBRutledge",1947,"LICHTER ET AL., DOING BUSINESS AS SOUTHERN FIREPROOFING CO., v. UNITED STATES",4,9,0,85,1,2
"WBRutledge",1947,"LICHTER ET AL., DOING BUSINESS AS SOUTHERN FIREPROOFING CO., v. UNITED STATES",4,9,0,85,1,2
"WBRutledge",1947,"LICHTER ET AL., DOING BUSINESS AS SOUTHERN FIREPROOFING CO., v. UNITED STATES",4,7,2,85,1,2
"WBRutledge",1947,"LICHTER ET AL., DOING BUSINESS AS SOUTHERN FIREPROOFING CO., v. UNITED STATES",9,7,2,85,1,2
"WBRutledge",1947,"LICHTER ET AL., DOING BUSINESS AS SOUTHERN FIREPROOFING CO., v. UNITED STATES",4,7,2,85,1,2
"WBRutledge",1947,"LICHTER ET AL., DOING BUSINESS AS SOUTHERN FIREPROOFING CO., v. UNITED STATES",4,7,2,85,1,2
"WBRutledge",1947,"LICHTER ET AL., DOING BUSINESS AS SOUTHERN FIREPROOFING CO., v. UNITED STATES",4,8,1,85,1,2
"WBRutledge",1947,"HEDGEBETH v. NORTH CAROLINA",9,7,2,85,2,1
"WBRutledge",1947,"SHAPIRO v. UNITED STATES",1,5,4,85,2,1
"WBRutledge",1947,"SHAPIRO v. UNITED STATES",1,5,4,85,2,1
"WBRutledge",1947,"SHAPIRO v. UNITED STATES",1,5,4,85,2,1
"WBRutledge",1947,"UNITED STATES v. HOFFMAN",1,5,4,85,2,1
"WBRutledge",1947,"UNITED STATES v. HOFFMAN",1,5,4,85,2,1
"WBRutledge",1947,"MEMPHIS NATURAL GAS CO. v. STONE, CHAIRMAN, STATE TAX COMMISSION",8,5,4,85,4,2
"WBRutledge",1947,"UNITED STATES v. CONGRESS OF INDUSTRIAL ORGANIZATIONS ET AL.",8,9,0,85,4,2
"WBRutledge",1947,"UNITED STATES v. CONGRESS OF INDUSTRIAL ORGANIZATIONS ET AL.",8,9,0,85,4,2
"WBRutledge",1947,"LUDECKE v. WATKINS, DISTRICT DIRECTOR OF IMMIGRATION",2,5,4,85,2,1
"WBRutledge",1947,"LUDECKE v. WATKINS, DISTRICT DIRECTOR OF IMMIGRATION",2,5,4,85,2,1
"WBRutledge",1947,"AHRENS ET AL. v. CLARK, ATTORNEY GENERAL",1,6,3,85,2,1
"WBRutledge",1947,"COMSTOCK v. GROUP OF INSTITUTIONAL INVESTORS ET AL.",8,5,4,85,2,1
"WBRutledge",1947,"COMSTOCK v. GROUP OF INSTITUTIONAL INVESTORS ET AL.",8,5,4,85,2,1
"WBRutledge",1947,"COMSTOCK v. GROUP OF INSTITUTIONAL INVESTORS ET AL.",8,5,4,85,2,1
"WBRutledge",1947,"COMSTOCK v. GROUP OF INSTITUTIONAL INVESTORS ET AL.",8,5,4,85,2,1
"WBRutledge",1947,"TAYLOR v. ALABAMA",4,5,3,85,2,1
"WBRutledge",1948,"MacDOUGALL ET AL. v. GREEN, GOVERNOR OF ILLINOIS, ET AL.",2,6,3,85,4,2
"WBRutledge",1948,"MacDOUGALL ET AL. v. GREEN, GOVERNOR OF ILLINOIS, ET AL.",2,6,3,85,4,2
"WBRutledge",1948,"MacDOUGALL ET AL. v. GREEN, GOVERNOR OF ILLINOIS, ET AL.",2,6,3,85,4,2
"WBRutledge",1948,"MacDOUGALL ET AL. v. GREEN, GOVERNOR OF ILLINOIS, ET AL.",2,6,3,85,4,2
"WBRutledge",1948,"MacDOUGALL ET AL. v. GREEN, GOVERNOR OF ILLINOIS, ET AL.",2,6,3,85,4,2
"WBRutledge",1948,"MacDOUGALL ET AL. v. GREEN, GOVERNOR OF ILLINOIS, ET AL.",2,6,3,85,4,2
"WBRutledge",1948,"MANDEL BROTHERS, INC. v. WALLACE",8,9,0,85,1,2
"WBRutledge",1948,"HOINESS v. UNITED STATES",9,9,0,85,1,2
"WBRutledge",1948,"HOINESS v. UNITED STATES",9,9,0,85,1,2
"WBRutledge",1948,"FORD MOTOR CO. v. UNITED STATES",8,4,3,85,2,1
"WBRutledge",1948,"FORD MOTOR CO. v. UNITED STATES",8,4,3,85,2,1
"WBRutledge",1948,"ECKENRODE, ADMINISTRATRIX, v. PENNSYLVANIA RAILROAD CO.",8,5,4,85,2,1
"WBRutledge",1948,"ADKINS, ADMINISTRATRIX, v. E. I. DuPONT de NEMOURS & CO., INC. UNITED STATES, INTERVENOR",2,9,0,85,1,2
"WBRutledge",1948,"ADKINS, ADMINISTRATRIX, v. E. I. DuPONT de NEMOURS & CO., INC. UNITED STATES, INTERVENOR",2,9,0,85,1,2
"WBRutledge",1948,"KORDEL v. UNITED STATES",8,5,4,85,1,2
"WBRutledge",1948,"KORDEL v. UNITED STATES",8,5,4,85,1,2
"WBRutledge",1948,"UNITED STATES v. URBUTEIT",8,5,4,85,1,2
"WBRutledge",1948,"GRAND RIVER DAM AUTHORITY v. GRAND-HYDRO",8,5,4,85,2,1
"WBRutledge",1948,"VERMILYA-BROWN CO., INC. ET AL. v. CONNELL ET AL.",7,5,4,85,1,2
"WBRutledge",1948,"VERMILYA-BROWN CO., INC. ET AL. v. CONNELL ET AL.",7,5,4,85,1,2
"WBRutledge",1948,"UPSHAW v. UNITED STATES",1,5,4,85,1,2
"WBRutledge",1948,"UVEGES v. PENNSYLVANIA",1,6,3,85,1,2
"WBRutledge",1948,"McDONALD ET AL. v. UNITED STATES",1,6,3,85,4,2
"WBRutledge",1948,"GOESAERT ET AL. v. CLEARY ET AL., MEMBERS OF THE LIQUOR CONTROL COMMISSION OF MICHIGAN",2,6,3,85,2,1
"WBRutledge",1948,"MICHELSON v. UNITED STATES",1,7,2,85,2,1
"WBRutledge",1948,"FRAZIER v. UNITED STATES",1,5,4,85,1,2
"WBRutledge",1948,"CORAY, ANCILLARY ADMINISTRATOR, v. SOUTHERN PACIFIC CO.",8,9,0,85,1,2
"WBRutledge",1948,"CORAY, ANCILLARY ADMINISTRATOR, v. SOUTHERN PACIFIC CO.",8,9,0,85,1,2
"WBRutledge",1948,"LINCOLN FEDERAL LABOR UNION ET AL. v. NORTHWESTERN IRON & METAL CO. ET AL.",7,9,0,85,4,2
"WBRutledge",1948,"LINCOLN FEDERAL LABOR UNION ET AL. v. NORTHWESTERN IRON & METAL CO. ET AL.",7,9,0,85,4,2
"WBRutledge",1948,"LINCOLN FEDERAL LABOR UNION ET AL. v. NORTHWESTERN IRON & METAL CO. ET AL.",7,9,0,85,4,2
"WBRutledge",1948,"LINCOLN FEDERAL LABOR UNION ET AL. v. NORTHWESTERN IRON & METAL CO. ET AL.",7,9,0,85,4,2
"WBRutledge",1948,"LINCOLN FEDERAL LABOR UNION ET AL. v. NORTHWESTERN IRON & METAL CO. ET AL.",7,9,0,85,4,2
"WBRutledge",1948,"LINCOLN FEDERAL LABOR UNION ET AL. v. NORTHWESTERN IRON & METAL CO. ET AL.",7,9,0,85,4,2
"WBRutledge",1948,"LINCOLN FEDERAL LABOR UNION ET AL. v. NORTHWESTERN IRON & METAL CO. ET AL.",7,9,0,85,4,2
"WBRutledge",1948,"LINCOLN FEDERAL LABOR UNION ET AL. v. NORTHWESTERN IRON & METAL CO. ET AL.",7,9,0,85,4,2
"WBRutledge",1948,"LINCOLN FEDERAL LABOR UNION ET AL. v. NORTHWESTERN IRON & METAL CO. ET AL.",7,9,0,85,4,2
"WBRutledge",1948,"LINCOLN FEDERAL LABOR UNION ET AL. v. NORTHWESTERN IRON & METAL CO. ET AL.",7,9,0,85,4,2
"WBRutledge",1948,"AMERICAN FEDERATION OF LABOR ET AL. v. AMERICAN SASH & DOOR CO. ET AL.",7,8,1,85,3,2
"WBRutledge",1948,"AMERICAN FEDERATION OF LABOR ET AL. v. AMERICAN SASH & DOOR CO. ET AL.",7,8,1,85,3,2
"WBRutledge",1948,"AMERICAN FEDERATION OF LABOR ET AL. v. AMERICAN SASH & DOOR CO. ET AL.",7,8,1,85,3,2
"WBRutledge",1948,"AMERICAN FEDERATION OF LABOR ET AL. v. AMERICAN SASH & DOOR CO. ET AL.",7,8,1,85,3,2
"WBRutledge",1948,"AMERICAN FEDERATION OF LABOR ET AL. v. AMERICAN SASH & DOOR CO. ET AL.",7,8,1,85,3,2
"WBRutledge",1948,"JUNGERSEN v. OSTBY & BARTON CO. ET AL.",8,6,3,85,1,2
"WBRutledge",1948,"JUNGERSEN v. OSTBY & BARTON CO. ET AL.",8,6,3,85,1,2
"WBRutledge",1948,"JUNGERSEN v. OSTBY & BARTON CO. ET AL.",8,6,3,85,1,2
"WBRutledge",1948,"AYRSHIRE COLLIERIES CORP. ET AL. v. UNITED STATES ET AL.",8,9,0,85,1,2
"WBRutledge",1948,"HENSLEE, COLLECTOR OF INTERNAL REVENUE, v. UNION PLANTERS NATIONAL BANK & TRUST CO. ET AL.",12,6,3,85,1,2
"WBRutledge",1948,"KLAPPROTT v. UNITED STATES",2,6,3,85,4,2
"WBRutledge",1948,"COMMISSIONER OF INTERNAL REVENUE v. ESTATE OF CHURCH",12,6,3,85,1,2
"WBRutledge",1948,"ESTATE OF SPIEGEL ET AL. v. COMMISSIONER OF INTERNAL REVENUE",12,6,3,85,1,2
"WBRutledge",1948,"LEIMAN ET AL. v. GUTTMAN ET AL.",8,6,3,85,1,2
"WBRutledge",1948,"La CROSSE TELEPHONE CORP. v. WISCONSIN EMPLOYMENT RELATIONS BOARD ET AL.",10,9,0,85,3,2
"WBRutledge",1948,"La CROSSE TELEPHONE CORP. v. WISCONSIN EMPLOYMENT RELATIONS BOARD ET AL.",10,9,0,85,3,2
"WBRutledge",1948,"La CROSSE TELEPHONE CORP. v. WISCONSIN EMPLOYMENT RELATIONS BOARD ET AL.",9,9,0,85,3,2
"WBRutledge",1948,"La CROSSE TELEPHONE CORP. v. WISCONSIN EMPLOYMENT RELATIONS BOARD ET AL.",9,9,0,85,3,2
"WBRutledge",1948,"La CROSSE TELEPHONE CORP. v. WISCONSIN EMPLOYMENT RELATIONS BOARD ET AL.",10,9,0,85,3,2
"WBRutledge",1948,"La CROSSE TELEPHONE CORP. v. WISCONSIN EMPLOYMENT RELATIONS BOARD ET AL.",10,9,0,85,3,2
"WBRutledge",1948,"COMMISSIONER OF INTERNAL REVENUE v. JACOBSON",12,7,2,85,3,2
"WBRutledge",1948,"COMMISSIONER OF INTERNAL REVENUE v. JACOBSON",12,7,2,85,3,2
"WBRutledge",1948,"WILKERSON v. McCARTHY ET AL., TRUSTEES",8,7,2,85,3,2
"WBRutledge",1948,"KOVACS v. COOPER, JUDGE",3,5,4,85,2,1
"WBRutledge",1948,"RAILWAY EXPRESS AGENCY, INC. ET AL. v. NEW YORK",3,9,0,85,3,2
"WBRutledge",1948,"RAILWAY EXPRESS AGENCY, INC. ET AL. v. NEW YORK",3,9,0,85,3,2
"WBRutledge",1948,"RAILWAY EXPRESS AGENCY, INC. ET AL. v. NEW YORK",3,9,0,85,3,2
"WBRutledge",1948,"GOGGIN, TRUSTEE IN BANKRUPTCY, v. DIVISION OF LABOR LAW ENFORCEMENT OF CALIFORNIA",12,9,0,85,1,2
"WBRutledge",1948,"CALLAWAY, TRUSTEE, ET AL. v. BENTON ET AL.",10,7,2,85,2,1
"WBRutledge",1948,"FISHER v. PACE, SHERIFF",1,5,4,85,2,1
"WBRutledge",1948,"OTT, COMMISSIONER OF PUBLIC FINANCE, ET AL. v. MISSISSIPPI VALLEY BARGE LINE CO. ET AL.",8,8,1,85,1,2
"WBRutledge",1948,"OTT, COMMISSIONER OF PUBLIC FINANCE, ET AL. v. MISSISSIPPI VALLEY BARGE LINE CO. ET AL.",8,8,1,85,1,2
"WBRutledge",1948,"WISCONSIN ELECTRIC POWER CO. v. UNITED STATES",12,9,0,85,1,2
"WBRutledge",1948,"McCOMB, WAGE AND HOUR ADMINISTRATOR, v. JACKSONVILLE PAPER CO. ET AL.",1,7,2,85,4,2
"WBRutledge",1948,"LAWSON, DEPUTY COMMISSIONER, UNITED STATES EMPLOYEES' COMPENSATION COMMISSION, v. SUWANNEE FRUIT & STEAMSHIP CO. ET AL.",8,8,1,85,1,2
"WBRutledge",1948,"REYNOLDS, ADMINISTRATRIX, v. ATLANTIC COAST LINE RAILROAD CO.",8,5,4,85,2,1
"WBRutledge",1948,"UNITED STATES EX REL. HIRSHBERG v. COOKE, COMMANDING OFFICER",2,9,0,85,1,2
"WBRutledge",1948,"DANIEL, ATTORNEY GENERAL, ET AL. v. FAMILY SECURITY LIFE INSURANCE CO. ET AL.",8,9,0,85,1,2
"WBRutledge",1948,"DANIEL, ATTORNEY GENERAL, ET AL. v. FAMILY SECURITY LIFE INSURANCE CO. ET AL.",8,9,0,85,1,2
"WBRutledge",1948,"NATIONAL LABOR RELATIONS BOARD v. STOWE SPINNING CO. ET AL.",4,6,3,85,1,2
"WBRutledge",1948,"NATIONAL LABOR RELATIONS BOARD v. STOWE SPINNING CO. ET AL.",7,6,3,85,1,2
"WBRutledge",1948,"INTERNATIONAL UNION, U. A. W. A., A. F. OF L., LOCAL 232, ET AL. v. WISCONSIN EMPLOYMENT RELATIONS BOARD ET AL.",7,5,4,85,2,1
"WBRutledge",1948,"INTERNATIONAL UNION, U. A. W. A., A. F. OF L., LOCAL 232, ET AL. v. WISCONSIN EMPLOYMENT RELATIONS BOARD ET AL.",7,5,4,85,2,1
"WBRutledge",1948,"INTERNATIONAL UNION, U. A. W. A., A. F. OF L., LOCAL 232, ET AL. v. WISCONSIN EMPLOYMENT RELATIONS BOARD ET AL.",7,5,4,85,2,1
"WBRutledge",1948,"INTERNATIONAL UNION, U. A. W. A., A. F. OF L., LOCAL 232, ET AL. v. WISCONSIN EMPLOYMENT RELATIONS BOARD ET AL.",7,5,4,85,2,1
"WBRutledge",1948,"INTERNATIONAL UNION, U. A. W. A., A. F. OF L., LOCAL 232, ET AL. v. WISCONSIN EMPLOYMENT RELATIONS BOARD ET AL.",7,5,4,85,2,1
"WBRutledge",1948,"INTERNATIONAL UNION, U. A. W. A., A. F. OF L., LOCAL 232, ET AL. v. WISCONSIN EMPLOYMENT RELATIONS BOARD ET AL.",7,5,4,85,2,1
"WBRutledge",1948,"INTERNATIONAL UNION, U. A. W. A., A. F. OF L., LOCAL 232, ET AL. v. WISCONSIN EMPLOYMENT RELATIONS BOARD ET AL.",7,5,4,85,2,1
"WBRutledge",1948,"INTERNATIONAL UNION, U. A. W. A., A. F. OF L., LOCAL 232, ET AL. v. WISCONSIN EMPLOYMENT RELATIONS BOARD ET AL.",7,5,4,85,2,1
"WBRutledge",1948,"INTERNATIONAL UNION, U. A. W. A., A. F. OF L., LOCAL 232, ET AL. v. WISCONSIN EMPLOYMENT RELATIONS BOARD ET AL.",7,5,4,85,2,1
"WBRutledge",1948,"INTERNATIONAL UNION, U. A. W. A., A. F. OF L., LOCAL 232, ET AL. v. WISCONSIN EMPLOYMENT RELATIONS BOARD ET AL.",7,5,4,85,2,1
"WBRutledge",1948,"GRAVER TANK & MFG. CO., INC. ET AL. v. LINDE AIR PRODUCTS CO.",8,9,0,85,1,2
"WBRutledge",1948,"GRAVER TANK & MFG. CO., INC. ET AL. v. LINDE AIR PRODUCTS CO.",8,9,0,85,1,2
"WBRutledge",1948,"FOLEY BROS., INC. ET AL. v. FILARDO",7,9,0,85,1,2
"WBRutledge",1948,"ALGOMA PLYWOOD & VENEER CO. v. WISCONSIN EMPLOYMENT RELATIONS BOARD",10,7,2,85,4,2
"WBRutledge",1948,"ALGOMA PLYWOOD & VENEER CO. v. WISCONSIN EMPLOYMENT RELATIONS BOARD",10,7,2,85,4,2
"WBRutledge",1948,"CITY OF NEW YORK v. SAPER, TRUSTEE IN BANKRUPTCY",8,8,1,85,1,2
"WBRutledge",1948,"CITY OF NEW YORK v. SAPER, TRUSTEE IN BANKRUPTCY",8,8,1,85,1,2
"WBRutledge",1948,"CITY OF NEW YORK v. SAPER, TRUSTEE IN BANKRUPTCY",8,8,1,85,1,2
"WBRutledge",1948,"OKLAHOMA TAX COMMISSION v. TEXAS COMPANY",10,9,0,85,1,2
"WBRutledge",1948,"OKLAHOMA TAX COMMISSION v. TEXAS COMPANY",10,9,0,85,1,2
"WBRutledge",1948,"STAINBACK, GOVERNOR OF THE TERRITORY OF HAWAII, ET AL. v. MO HOCK KE LOK PO, AN ELEEMOSYNARY CORPORATION, ET AL.",9,9,0,85,3,2
"WBRutledge",1948,"STAINBACK, GOVERNOR OF THE TERRITORY OF HAWAII, ET AL. v. MO HOCK KE LOK PO, AN ELEEMOSYNARY CORPORATION, ET AL.",9,7,0,85,7,NA
"WBRutledge",1948,"BLACK DIAMOND STEAMSHIP CORP. v. ROBERT STEWART & SONS, LTD. ET AL.",8,5,4,85,2,1
"WBRutledge",1948,"BLACK DIAMOND STEAMSHIP CORP. v. ROBERT STEWART & SONS, LTD. ET AL.",8,5,4,85,2,1
"WBRutledge",1948,"BLACK DIAMOND STEAMSHIP CORP. v. ROBERT STEWART & SONS, LTD. ET AL.",8,5,4,85,2,1
"WBRutledge",1948,"BLACK DIAMOND STEAMSHIP CORP. v. ROBERT STEWART & SONS, LTD. ET AL.",8,5,4,85,2,1
"WBRutledge",1948,"BLACK DIAMOND STEAMSHIP CORP. v. ROBERT STEWART & SONS, LTD. ET AL.",8,5,4,85,2,1
"WBRutledge",1948,"BLACK DIAMOND STEAMSHIP CORP. v. ROBERT STEWART & SONS, LTD. ET AL.",8,5,4,85,2,1
"WBRutledge",1948,"COMMISSIONER OF INTERNAL REVENUE v. PHIPPS",12,9,0,85,1,2
"WBRutledge",1948,"NATIONAL CARBIDE CORP. v. COMMISSIONER OF INTERNAL REVENUE",12,9,0,85,1,2
"WBRutledge",1948,"NATIONAL CARBIDE CORP. v. COMMISSIONER OF INTERNAL REVENUE",12,9,0,85,1,2
"WBRutledge",1948,"NATIONAL CARBIDE CORP. v. COMMISSIONER OF INTERNAL REVENUE",12,9,0,85,1,2
"WBRutledge",1948,"KRULEWITCH v. UNITED STATES",1,8,1,85,1,2
"WBRutledge",1948,"UNITED STATES v. WOMEN'S SPORTSWEAR MANUFACTURERS ASSOCIATION ET AL.",8,9,0,85,1,2
"WBRutledge",1948,"CHICAGO, MILWAUKEE, ST. PAUL & PACIFIC RAILROAD CO. ET AL. v. ACME FAST FREIGHT, INC.",8,6,3,85,2,1
"WBRutledge",1948,"GIBONEY ET AL. v. EMPIRE STORAGE & ICE CO.",3,9,0,85,1,2
"WBRutledge",1948,"GIBONEY ET AL. v. EMPIRE STORAGE & ICE CO.",7,9,0,85,1,2
"WBRutledge",1948,"UNITED STATES v. KNIGHT",8,5,1,85,NA,NA
"WBRutledge",1948,"FARRELL v. UNITED STATES ET AL.",8,5,4,85,2,1
"WBRutledge",1948,"H. P. HOOD & SONS, INC. v. Du MOND, COMMISSIONER OF AGRICULTURE AND MARKETS",8,5,4,85,2,1
"WBRutledge",1948,"H. P. HOOD & SONS, INC. v. Du MOND, COMMISSIONER OF AGRICULTURE AND MARKETS",8,5,4,85,2,1
"WBRutledge",1948,"FEDERAL POWER COMMISSION ET AL. v. INTERSTATE NATURAL GAS CO. ET AL.",8,9,0,85,4,2
"WBRutledge",1948,"FEDERAL POWER COMMISSION ET AL. v. INTERSTATE NATURAL GAS CO. ET AL.",8,9,0,85,4,2
"WBRutledge",1948,"FEDERAL POWER COMMISSION ET AL. v. INTERSTATE NATURAL GAS CO. ET AL.",8,9,0,85,4,2
"WBRutledge",1948,"FEDERAL POWER COMMISSION ET AL. v. INTERSTATE NATURAL GAS CO. ET AL.",8,9,0,85,4,2
"WBRutledge",1948,"TRANSCONTINENTAL & WESTERN AIR, INC. v. CIVIL AERONAUTICS BOARD",8,6,2,85,1,2
"WBRutledge",1948,"NYE & NISSEN, A CORPORATION, ET AL. v. UNITED STATES",1,5,4,85,2,1
"WBRutledge",1948,"DEFENSE SUPPLIES CORP. ET AL. v. LAWRENCE WAREHOUSE CO. ET AL.",9,9,0,85,1,2
"WBRutledge",1948,"UNITED STATES v. JONES, RECEIVER",8,7,0,85,1,2
"WBRutledge",1948,"UNITED STATES v. JONES, RECEIVER",9,7,0,85,1,2
"WBRutledge",1948,"UNITED STATES v. JONES, RECEIVER",9,7,0,85,1,2
"WBRutledge",1948,"UNITED STATES v. JONES, RECEIVER",8,7,0,85,1,2
"WBRutledge",1948,"RICE v. RICE",11,5,4,85,2,1
"WBRutledge",1948,"FOUNTAIN v. FILSON ET UX.",1,9,0,85,1,2
"WBRutledge",1948,"WADE v. HUNTER, WARDEN",1,6,3,85,2,1
"WBRutledge",1948,"HUMPHREY, WARDEN, v. SMITH",1,6,3,85,2,1
"WBRutledge",1948,"GRIFFIN v. UNITED STATES",9,5,4,85,2,1
"WBRutledge",1948,"CALIFORNIA v. ZOOK ET AL.",8,5,4,85,1,2
"WBRutledge",1948,"UNITED STATES v. WALLACE & TIERNAN CO. ET AL.",1,9,0,85,1,2
"WBRutledge",1948,"UNITED STATES v. URBUTEIT",9,9,0,85,1,2
"WBRutledge",1948,"UNITED STATES EX REL. JOHNSON v. SHAUGHNESSY, ACTING DISTRICT DIRECTOR OF IMMIGRATION AND NATURALIZATION",2,6,3,85,1,2
"WBRutledge",1948,"TERMINIELLO v. CHICAGO",3,5,4,85,1,2
"WBRutledge",1948,"UNION NATIONAL BANK v. LAMB",11,6,3,85,2,1
"WBRutledge",1948,"UNION NATIONAL BANK v. LAMB",11,6,3,85,2,1
"WBRutledge",1948,"UNION NATIONAL BANK v. LAMB",11,6,3,85,2,1
"WBRutledge",1948,"BROOKS v. UNITED STATES",8,7,2,85,1,2
"WBRutledge",1948,"BROOKS v. UNITED STATES",8,7,2,85,1,2
"WBRutledge",1948,"EX PARTE COLLETT",9,7,2,85,4,2
"WBRutledge",1948,"EX PARTE COLLETT",9,7,2,85,4,2
"WBRutledge",1948,"KILPATRICK v. TEXAS & PACIFIC RAILWAY CO.",9,7,2,85,4,2
"WBRutledge",1948,"KILPATRICK v. TEXAS & PACIFIC RAILWAY CO.",9,7,2,85,4,2
"WBRutledge",1948,"UNITED STATES v. NATIONAL CITY LINES, INC. ET AL.",9,7,2,85,4,2
"WBRutledge",1948,"HYNES, REGIONAL DIRECTOR, FISH AND WILDLIFE SERVICE, DEPARTMENT OF THE INTERIOR, v. GRIMES PACKING CO. ET AL.",2,5,4,85,2,1
"WBRutledge",1948,"SMITH v. UNITED STATES",1,9,0,85,1,2
"WBRutledge",1948,"EMPRESA SIDERURGICA, S. A., ET AL. v. COUNTY OF MERCED ET AL.",8,8,1,85,1,2
"WBRutledge",1948,"URIE v. THOMPSON, TRUSTEE",8,9,0,85,1,2
"WBRutledge",1948,"URIE v. THOMPSON, TRUSTEE",8,5,4,85,1,2
"WBRutledge",1948,"UNITED STATES v. PENN FOUNDRY & MANUFACTURING CO., INC.",9,7,2,85,3,2
"WBRutledge",1948,"NATIONAL LABOR RELATIONS BOARD v. CROMPTON-HIGHLAND MILLS, INC.",7,9,0,85,4,2
"WBRutledge",1948,"YOUNG v. RAGEN, WARDEN",1,9,0,85,1,2
"WBRutledge",1948,"YOUNG v. RAGEN, WARDEN",1,9,0,85,1,2
"WBRutledge",1948,"YOUNG v. RAGEN, WARDEN",1,9,0,85,1,2
"WBRutledge",1948,"YOUNG v. RAGEN, WARDEN",1,9,0,85,1,2
"WBRutledge",1948,"YOUNG v. RAGEN, WARDEN",1,9,0,85,1,2
"WBRutledge",1948,"YOUNG v. RAGEN, WARDEN",1,9,0,85,1,2
"WBRutledge",1948,"YOUNG v. RAGEN, WARDEN",1,9,0,85,1,2
"WBRutledge",1948,"YOUNG v. RAGEN, WARDEN",1,9,0,85,1,2
"WBRutledge",1948,"WILLIAMS v. NEW YORK",4,7,2,85,2,1
"WBRutledge",1948,"CITY OF MORGANTOWN v. ROYAL INSURANCE CO., LTD.",9,7,2,85,2,1
"WBRutledge",1948,"FEDERAL COMMUNICATIONS COMMISSION v. WJR, THE GOODWILL STATION, INC. ET AL.",4,8,0,85,1,2
"WBRutledge",1948,"JOY OIL CO., LTD. v. STATE TAX COMMISSION",8,6,3,85,1,2
"WBRutledge",1948,"STANDARD OIL COMPANY OF CALIFORNIA ET AL. v. UNITED STATES",8,6,3,85,1,2
"WBRutledge",1948,"STANDARD OIL COMPANY OF CALIFORNIA ET AL. v. UNITED STATES",8,8,1,85,1,2
"WBRutledge",1948,"UNITED STATES v. CORS",4,5,4,85,1,2
"WBRutledge",1948,"UNITED STATES v. CORS",4,5,4,85,1,2
"WBRutledge",1948,"UNITED STATES v. WITTEK",8,9,0,85,1,2
"WBRutledge",1948,"COMMISSIONER OF INTERNAL REVENUE v. WODEHOUSE",12,5,3,85,1,2
"WBRutledge",1948,"UNITED STATES v. INTERSTATE COMMERCE COMMISSION ET AL.",9,6,3,85,1,2
"WBRutledge",1948,"UNITED STATES v. INTERSTATE COMMERCE COMMISSION ET AL.",9,6,3,85,1,2
"WBRutledge",1948,"PROPPER, RECEIVER, v. CLARK, ATTORNEY GENERAL, AS SUCCESSOR TO THE ALIEN PROPERTY CUSTODIAN, ET AL.",4,6,2,85,1,2
"WBRutledge",1948,"FEDERAL POWER COMMISSION v. PANHANDLE EASTERN PIPE LINE CO. ET AL.",8,5,3,85,2,1
"WBRutledge",1948,"AERONAUTICAL INDUSTRIAL DISTRICT LODGE 727 v. CAMPBELL ET AL.",2,9,0,85,1,2
"WBRutledge",1948,"RAGAN v. MERCHANTS TRANSFER & WAREHOUSE CO.",10,8,1,85,2,1
"WBRutledge",1948,"WOODS v. INTERSTATE REALTY CO.",10,6,3,85,2,1
"WBRutledge",1948,"COHEN, EXECUTRIX, ET AL. v. BENEFICIAL INDUSTRIAL LOAN CORP. ET AL.",10,6,3,85,2,1
"WBRutledge",1948,"COHEN, EXECUTRIX, ET AL. v. BENEFICIAL INDUSTRIAL LOAN CORP. ET AL.",10,6,3,85,2,1
"WBRutledge",1948,"COHEN, EXECUTRIX, ET AL. v. BENEFICIAL INDUSTRIAL LOAN CORP. ET AL.",9,6,3,85,2,1
"WBRutledge",1948,"COHEN, EXECUTRIX, ET AL. v. BENEFICIAL INDUSTRIAL LOAN CORP. ET AL.",10,6,3,85,2,1
"WBRutledge",1948,"COHEN, EXECUTRIX, ET AL. v. BENEFICIAL INDUSTRIAL LOAN CORP. ET AL.",10,6,3,85,2,1
"WBRutledge",1948,"COHEN, EXECUTRIX, ET AL. v. BENEFICIAL INDUSTRIAL LOAN CORP. ET AL.",10,6,3,85,2,1
"WBRutledge",1948,"COHEN, EXECUTRIX, ET AL. v. BENEFICIAL INDUSTRIAL LOAN CORP. ET AL.",10,6,3,85,2,1
"WBRutledge",1948,"COHEN, EXECUTRIX, ET AL. v. BENEFICIAL INDUSTRIAL LOAN CORP. ET AL.",10,6,3,85,2,1
"WBRutledge",1948,"COHEN, EXECUTRIX, ET AL. v. BENEFICIAL INDUSTRIAL LOAN CORP. ET AL.",9,6,3,85,2,1
"WBRutledge",1948,"COHEN, EXECUTRIX, ET AL. v. BENEFICIAL INDUSTRIAL LOAN CORP. ET AL.",10,6,3,85,2,1
"WBRutledge",1948,"WHEELING STEEL CORP. v. GLANDER, TAX COMMISSIONER OF OHIO",8,7,2,85,1,2
"WBRutledge",1948,"WHEELING STEEL CORP. v. GLANDER, TAX COMMISSIONER OF OHIO",8,7,2,85,1,2
"WBRutledge",1948,"NATIONAL MUTUAL INSURANCE CO. v. TIDEWATER TRANSFER CO., INC.",9,5,4,85,4,2
"WBRutledge",1948,"NATIONAL MUTUAL INSURANCE CO. v. TIDEWATER TRANSFER CO., INC.",9,5,4,85,4,2
"WBRutledge",1948,"NATIONAL MUTUAL INSURANCE CO. v. TIDEWATER TRANSFER CO., INC.",9,5,4,85,4,2
"WBRutledge",1948,"NATIONAL LABOR RELATIONS BOARD v. PITTSBURGH STEAMSHIP CO.",9,9,0,85,1,2
"WBRutledge",1948,"INTERSTATE OIL PIPE LINE CO. v. STONE, CHAIRMAN STATE TAX COMMISSION",8,5,4,85,5,2
"WBRutledge",1948,"LARSON, WAR ASSETS ADMINISTRATOR AND SURPLUS PROPERTY ADMINISTRATOR, v. DOMESTIC AND FOREIGN COMMERCE CORP.",8,6,3,85,4,2
"WBRutledge",1948,"COMMISSIONER OF INTERNAL REVENUE v. CULBERTSON ET UX.",12,8,1,85,3,2
"WBRutledge",1948,"FARMERS RESERVOIR & IRRIGATION CO. v. McCOMB, WAGE & HOUR ADMINISTRATOR",7,8,1,85,1,2
"WBRutledge",1948,"FARMERS RESERVOIR & IRRIGATION CO. v. McCOMB, WAGE & HOUR ADMINISTRATOR",7,8,1,85,1,2
"WBRutledge",1948,"GIBBS v. BURKE, WARDEN",1,9,0,85,4,2
"WBRutledge",1948,"COSMOPOLITAN SHIPPING CO. v. McALLISTER",8,5,4,85,2,1
"WBRutledge",1948,"WEADE ET AL. v. DICHMANN, WRIGHT & PUGH, INC.",8,5,4,85,2,1
"WBRutledge",1948,"FINK v. SHEPARD STEAMSHIP CO.",8,5,4,85,2,1
"WBRutledge",1948,"FINK v. SHEPARD STEAMSHIP CO.",8,5,4,85,2,1
"WBRutledge",1948,"KIMBALL LAUNDRY CO. v. UNITED STATES",4,5,4,85,3,2
"WBRutledge",1948,"WOLF v. COLORADO",1,6,3,85,2,1
"WBRutledge",1948,"WOLF v. COLORADO",1,6,3,85,2,1
"WBRutledge",1948,"WATTS v. INDIANA",1,6,3,85,1,2
"WBRutledge",1948,"TURNER v. PENNSYLVANIA",1,5,4,85,1,2
"WBRutledge",1948,"HARRIS v. SOUTH CAROLINA",1,5,4,85,1,2
"WBRutledge",1948,"LUSTIG v. UNITED STATES",1,5,4,85,3,2
"WBRutledge",1948,"CHRISTOFFEL v. UNITED STATES",1,5,4,85,1,2
"WBRutledge",1948,"SECURITIES AND EXCHANGE COMMISSION v. CENTRAL-ILLINOIS SECURITIES CORP. ET AL.",8,7,0,85,1,2
"WBRutledge",1948,"SECURITIES AND EXCHANGE COMMISSION v. CENTRAL-ILLINOIS SECURITIES CORP. ET AL.",8,7,0,85,1,2
"WBRutledge",1948,"SECURITIES AND EXCHANGE COMMISSION v. CENTRAL-ILLINOIS SECURITIES CORP. ET AL.",8,7,0,85,1,2
"WBRutledge",1948,"SECURITIES AND EXCHANGE COMMISSION v. CENTRAL-ILLINOIS SECURITIES CORP. ET AL.",8,7,0,85,1,2
"WBRutledge",1948,"BRINEGAR v. UNITED STATES",1,6,3,85,1,2
"WBRutledge",1948,"EISLER v. UNITED STATES",9,5,4,85,1,2
